{"stats":{"minecraft:killed":{"born_in_chaos_v1:zombie_clown":1,"alexsmobs:lobster":1,"minecraft:cave_spider":10,"born_in_chaos_v1:zombie_lumberjack":3,"born_in_chaos_v1:restless_spirit":3,"minecraft:spider":5,"alexsmobs:snow_leopard":1,"minecraft:cod":2,"born_in_chaos_v1:baby_skeleton_minion":6,"minecraft:skeleton":10,"minecraft:chicken":3,"realmrpg_demons:chort":12,"aquamirae:golden_moth":2,"born_in_chaos_v1:supreme_bonescaller_stage_2":1,"irons_spellbooks:summoned_skeleton":2,"born_in_chaos_v1:firelight_not_despawn":1,"minecraft:zombie_villager":1,"minecraft:salmon":8,"minecraft:creeper":1,"mowziesmobs:lantern":1,"laendli_transport:crab":2,"born_in_chaos_v1:zombie_fisherman":1,"minecraft:pillager":18,"minecraft:zombie":29,"born_in_chaos_v1:dread_hound":6,"laendli_transport:bock":1,"born_in_chaos_v1:corpse_fly":12,"minecraft:stray":15,"alexsmobs:fly":1,"minecraft:cow":4,"irons_spellbooks:summoned_zombie":5,"alexsmobs:raccoon":2,"minecraft:vindicator":6,"alexsmobs:seagull":2,"born_in_chaos_v1:skeleton_thrasher_not_despawn":1,"born_in_chaos_v1:zombie_bruiser":2,"born_in_chaos_v1:maggot":10,"minecraft:phantom":1,"alexsmobs:comb_jelly":1,"minecraft:drowned":1,"born_in_chaos_v1:corpse_fish":1,"alexsmobs:tusklin":2,"minecraft:husk":24,"aquamirae:maw":7,"born_in_chaos_v1:bone_imp_minion":21,"born_in_chaos_v1:baby_skeleton":3,"minecraft:rabbit":1,"born_in_chaos_v1:decrepit_skeleton":10,"aquamirae:anglerfish":1,"born_in_chaos_v1:bonescaller_not_despawn":2,"born_in_chaos_v1:dark_vortex":1,"alexsmobs:crow":1},"minecraft:dropped":{"minecraft:iron_sword":3,"minecraft:lapis_lazuli":58,"minecraft:oak_log":2,"minecraft:cooked_porkchop":1,"minecraft:weeping_vines":1,"minecraft:rail":2,"minecraft:leather_helmet":2,"friendsandfoes:totem_of_illusion":1,"minecraft:cobblestone_stairs":1,"minecraft:emerald":5,"minecraft:dirt":7,"minecraft:dark_oak_log":2,"laendli_transport:recipe_book_weapons":1,"minecraft:coast_armor_trim_smithing_template":2,"minecraft:seagrass":5,"minecraft:snowball":15,"minecraft:chain":1,"minecraft:gold_nugget":15,"alexscaves:cave_map":1,"minecraft:iron_pickaxe":1,"minecraft:dark_oak_planks":2,"minecraft:blue_bed":1,"minecraft:bone":2,"minecraft:wheat":1,"minecraft:rotten_flesh":31,"minecraft:oak_planks":23,"minecraft:light_gray_carpet":3,"immersiveengineering:raw_aluminum":9,"minecraft:chainmail_chestplate":1,"minecraft:leather_chestplate":2,"immersiveengineering:manual":2,"born_in_chaos_v1:corpse_maggot":3,"minecraft:ladder":8,"minecraft:leather_leggings":2,"minecraft:spruce_slab":2,"minecraft:arrow":8,"minecraft:iron_ingot":2,"minecraft:bread":54,"aquamirae:ship_graveyard_echo":1,"born_in_chaos_v1:shattered_skull":1,"minecraft:mossy_cobblestone":1,"minecraft:iron_helmet":1,"minecraft:cobblestone":93,"minecraft:book":79,"alexscaves:spelunkery_table":1,"minecraft:apple":3,"minecraft:acacia_log":1,"minecraft:chainmail_helmet":2,"minecraft:coal":51,"minecraft:mushroom_stew":1,"minecraft:stick":8,"minecraft:diorite":29,"minecraft:torch":3,"minecraft:rose_bush":1,"minecraft:potion":2,"minecraft:iron_leggings":2,"minecraft:dried_kelp":2,"minecraft:iron_axe":1,"minecraft:chainmail_leggings":2,"minecraft:iron_shovel":1,"minecraft:paper":4,"minecraft:snow_block":1,"irons_spellbooks:copper_spell_book":1,"minecraft:stone_sword":1,"minecraft:raw_copper":20,"minecraft:bowl":4,"minecraft:raw_iron":10,"minecraft:clay_ball":48,"minecraft:stripped_oak_log":12,"immersiveengineering:jerrycan":1,"minecraft:glow_lichen":1,"minecraft:spruce_fence":4,"minecraft:potato":1,"minecraft:shield":4,"minecraft:bundle":3,"minecraft:spruce_trapdoor":3,"minecraft:spruce_planks":18,"minecraft:cake":1,"minecraft:golden_leggings":1,"minecraft:stone_pressure_plate":1,"minecraft:spider_eye":2,"minecraft:brown_carpet":3,"minecraft:spruce_log":71,"minecraft:bow":2},"minecraft:custom":{"minecraft:interact_with_crafting_table":14,"minecraft:open_barrel":406,"minecraft:bell_ring":43,"minecraft:eat_cake_slice":2,"minecraft:leave_game":5,"minecraft:time_since_death":66087,"minecraft:sprint_one_cm":712945,"minecraft:damage_blocked_by_shield":5020,"minecraft:drop":135,"minecraft:talked_to_villager":4,"minecraft:play_time":477764,"minecraft:deaths":6,"minecraft:jump":5577,"minecraft:interact_with_brewingstand":2,"minecraft:walk_on_water_one_cm":80244,"minecraft:interact_with_furnace":9,"minecraft:interact_with_cartography_table":1,"minecraft:interact_with_loom":6,"minecraft:sleep_in_bed":4,"minecraft:damage_dealt":42502,"minecraft:player_kills":2,"minecraft:crouch_one_cm":2245,"minecraft:inspect_dispenser":1,"minecraft:interact_with_smithing_table":3,"minecraft:inspect_dropper":1,"minecraft:mob_kills":294,"minecraft:interact_with_anvil":1,"minecraft:damage_dealt_resisted":1667,"minecraft:climb_one_cm":52485,"minecraft:walk_one_cm":1691489,"minecraft:sneak_time":1068,"minecraft:walk_under_water_one_cm":81718,"minecraft:boat_one_cm":163410,"minecraft:interact_with_lectern":2,"minecraft:interact_with_blast_furnace":4,"minecraft:total_world_time":477764,"minecraft:time_since_rest":66204,"minecraft:damage_taken":6439,"minecraft:swim_one_cm":233351,"minecraft:fly_one_cm":1254195,"minecraft:open_chest":93,"minecraft:fish_caught":15,"minecraft:fall_one_cm":99825},"minecraft:crafted":{"minecraft:oak_planks":4,"minecraft:iron_boots":1,"born_in_chaos_v1:pileof_dark_metal":2,"minecraft:arrow":32,"irons_spellbooks:copper_spell_book":1,"minecraft:crafting_table":2,"minecraft:spruce_planks":80,"born_in_chaos_v1:staffofthe_summoner":1,"minecraft:paper":27,"minecraft:stick":124,"minecraft:iron_pickaxe":2,"minecraft:iron_ingot":9,"alexscaves:cave_map":1,"born_in_chaos_v1:bone_handle":1,"minecraft:iron_axe":2,"minecraft:ladder":36,"minecraft:iron_hoe":1,"minecraft:wheat":171,"fabledweaponry:scythe_iron":1,"minecraft:iron_sword":2,"minecraft:bone":6,"minecraft:bread":57,"minecraft:iron_leggings":1,"minecraft:torch":100},"minecraft:used":{"minecraft:ladder":31,"minecraft:decorated_pot":2,"minecraft:shield":194,"minecraft:iron_sword":503,"immersiveengineering:reinforced_crate":14,"minecraft:iron_chestplate":1,"minecraft:carrot":11,"minecraft:snowball":15,"minecraft:iron_helmet":1,"minecraft:bow":47,"minecraft:golden_boots":2,"minecraft:stone_pickaxe":12,"minecraft:leather_chestplate":1,"minecraft:chainmail_helmet":1,"minecraft:stripped_mangrove_wood":1,"alexscaves:cave_book":9,"minecraft:bread":73,"minecraft:cyan_carpet":2,"minecraft:chain":1,"minecraft:stone_sword":193,"minecraft:armor_stand":4,"minecraft:cooked_salmon":1,"minecraft:torch":120,"minecraft:brewing_stand":1,"minecraft:dirt":26,"minecraft:chainmail_chestplate":1,"minecraft:iron_axe":273,"minecraft:iron_boots":2,"fabledweaponry:scythe_iron":163,"immersiveengineering:crate":1,"minecraft:light_gray_bed":1,"minecraft:iron_leggings":2,"minecraft:calcite":3,"minecraft:acacia_boat":3,"minecraft:water_bucket":2,"minecraft:bundle":1,"minecraft:rail":2,"minecraft:crafting_table":2,"minecraft:spruce_log":3,"minecraft:apple":30,"minecraft:suspicious_stew":4,"minecraft:iron_pickaxe":607,"born_in_chaos_v1:staffofthe_summoner":43,"minecraft:spruce_sapling":6,"minecraft:fishing_rod":21,"minecraft:cobblestone":32,"minecraft:bucket":3,"minecraft:pumpkin_pie":15,"alexsmobs:animal_dictionary":1},"minecraft:picked_up":{"minecraft:seagrass":5,"minecraft:iron_chestplate":5,"minecraft:wheat":16,"minecraft:suspicious_stew":1,"minecraft:wither_rose":1,"minecraft:turtle_egg":1,"seadwellers:aquamarine":4,"minecraft:brewing_stand":1,"minecraft:string":57,"aquamirae:pirate_pouch":7,"minecraft:raw_copper":143,"minecraft:cooked_salmon":1,"minecraft:iron_leggings":9,"minecraft:armor_stand":4,"minecraft:pufferfish":2,"immersiveengineering:jerrycan":1,"minecraft:beetroot":1,"immersiveengineering:reinforced_crate":18,"irons_spellbooks:arcane_essence":6,"immersiveengineering:raw_lead":22,"minecraft:gold_nugget":19,"minecraft:bucket":1,"minecraft:spruce_planks":4,"minecraft:rose_bush":2,"minecraft:calcite":3,"minecraft:iron_pickaxe":10,"alexsmobs:raccoon_tail":1,"minecraft:melon_slice":11,"minecraft:coal_block":3,"minecraft:iron_boots":3,"minecraft:furnace":4,"minecraft:mangrove_log":2,"minecraft:tipped_arrow":9,"minecraft:stick":107,"born_in_chaos_v1:shattered_skull":5,"minecraft:composter":4,"minecraft:torch":86,"minecraft:acacia_log":2,"minecraft:spruce_stairs":22,"minecraft:snow_block":1,"minecraft:porkchop":5,"minecraft:dried_kelp":4,"laendli_transport:recipe_book_weapons":1,"minecraft:diorite":93,"aquamirae:esca":1,"minecraft:brown_carpet":3,"minecraft:stone_sword":2,"minecraft:rotten_flesh":111,"minecraft:light_gray_bed":1,"minecraft:iron_block":2,"immersiveengineering:glider":1,"minecraft:cod":17,"minecraft:snowball":55,"irons_spellbooks:copper_spell_book":4,"minecraft:cobblestone":251,"born_in_chaos_v1:staffof_magic_arrows":1,"minecraft:leather_chestplate":3,"minecraft:feather":8,"born_in_chaos_v1:spiritual_dust":2,"minecraft:water_bucket":3,"minecraft:golden_leggings":1,"minecraft:potato":1,"alexscaves:cave_book":3,"minecraft:acacia_boat":4,"minecraft:lapis_lazuli":124,"minecraft:dirt":125,"born_in_chaos_v1:staffofthe_summoner":3,"aquamirae:fin":10,"minecraft:name_tag":1,"born_in_chaos_v1:monster_skin":7,"minecraft:bone":74,"minecraft:bow":8,"betterarcheology:archeology_table":1,"minecraft:raw_gold":8,"minecraft:rabbit":2,"minecraft:oak_planks":46,"minecraft:glow_lichen":1,"minecraft:cooked_porkchop":1,"irons_spellbooks:frozen_bone":24,"immersiveengineering:raw_aluminum":10,"minecraft:dark_oak_log":2,"minecraft:mossy_cobblestone":1,"laendli_transport:shotgun":4,"minecraft:bundle":8,"born_in_chaos_v1:fire_dust":5,"minecraft:crossbow":3,"minecraft:bone_meal":1,"minecraft:bread":162,"minecraft:emerald":46,"minecraft:chainmail_helmet":4,"alexsmobs:maggot":1,"minecraft:light_gray_carpet":3,"immersiveengineering:raw_nickel":5,"born_in_chaos_v1:rotten_fish":4,"minecraft:charcoal":4,"minecraft:ladder":3,"minecraft:clay_ball":59,"minecraft:leather_leggings":1,"born_in_chaos_v1:seedof_chaos":4,"friendsandfoes:totem_of_illusion":1,"mowziesmobs:glowing_jelly":2,"minecraft:chain":7,"minecraft:shield":12,"aquamirae:sharp_bones":6,"immersiveengineering:manual":2,"minecraft:iron_axe":7,"born_in_chaos_v1:intoxicating_decoction":4,"minecraft:iron_shovel":2,"minecraft:blackstone":6,"minecraft:cyan_carpet":5,"minecraft:beef":10,"immersiveengineering:crate":1,"born_in_chaos_v1:gnawed_bones":3,"minecraft:iron_nugget":6,"minecraft:spruce_slab":2,"minecraft:sugar_cane":12,"minecraft:spruce_trapdoor":3,"minecraft:raw_iron":70,"minecraft:sandstone":2,"minecraft:stripped_mangrove_wood":1,"minecraft:spruce_fence":4,"minecraft:cake":1,"born_in_chaos_v1:pieceofdarkmetal":6,"minecraft:carrot":1,"minecraft:stone_pressure_plate":1,"minecraft:dark_oak_planks":2,"minecraft:arrow":75,"minecraft:weeping_vines":1,"minecraft:decorated_pot":2,"minecraft:pumpkin_pie":4,"seadwellers:icy_loot_crate":16,"minecraft:hay_block":19,"alexscaves:spelunkery_table":1,"minecraft:gold_ingot":6,"minecraft:glow_berries":7,"laendli_transport:ammunition_shotgun":234,"seadwellers:cavern_loot_crate":39,"minecraft:rail":4,"born_in_chaos_v1:fused_bone":1,"minecraft:stripped_oak_log":24,"born_in_chaos_v1:corpse_maggot":23,"minecraft:golden_carrot":1,"born_in_chaos_v1:monster_flesh":8,"minecraft:glow_ink_sac":18,"minecraft:salmon":10,"minecraft:leather":17,"minecraft:birch_planks":2,"minecraft:mushroom_stew":1,"minecraft:oak_log":4,"minecraft:chainmail_chestplate":1,"minecraft:golden_boots":2,"minecraft:gunpowder":8,"minecraft:cobblestone_stairs":1,"seadwellers:depth_nugget":9,"minecraft:blue_bed":2,"minecraft:paper":4,"fabledweaponry:scythe_iron":2,"minecraft:apple":5,"minecraft:kelp":1,"minecraft:rabbit_hide":2,"minecraft:iron_ingot":9,"minecraft:stone_pickaxe":1,"minecraft:iron_sword":6,"minecraft:book":284,"born_in_chaos_v1:death_totem":4,"aquamirae:ship_graveyard_echo":3,"born_in_chaos_v1:orbofthe_summoner":1,"born_in_chaos_v1:ethereal_spirit":7,"minecraft:gravel":6,"born_in_chaos_v1:dark_rod":3,"minecraft:spruce_sapling":6,"minecraft:spruce_log":96,"minecraft:spider_eye":7,"minecraft:leather_helmet":1,"minecraft:chainmail_leggings":3,"minecraft:iron_helmet":6,"alexsmobs:rainbow_jelly":1,"alexscaves:cave_map":4,"seadwellers:farmer_loot_crate":2,"minecraft:coal":91,"immersiveengineering:raw_silver":9},"minecraft:mined":{"minecraft:dark_oak_planks":2,"minecraft:spruce_planks":4,"minecraft:brewing_stand":1,"minecraft:grass_block":4,"minecraft:light_gray_bed":1,"minecraft:spawner":7,"minecraft:iron_ore":70,"minecraft:fire":2,"minecraft:dirt_path":10,"betterarcheology:loot_vase":1,"immersiveengineering:ore_lead":22,"minecraft:iron_block":2,"minecraft:spruce_slab":1,"immersiveengineering:reinforced_crate":15,"minecraft:blackstone":8,"minecraft:calcite":2,"minecraft:melon":3,"minecraft:cobblestone":1,"minecraft:sugar_cane":1,"minecraft:wall_torch":2,"minecraft:chain":4,"minecraft:grass":3,"minecraft:oak_log":1,"minecraft:dirt":8,"minecraft:oak_leaves":1,"alexscaves:spelunkery_table":1,"minecraft:potted_wither_rose":1,"minecraft:glow_lichen":1,"immersiveengineering:ore_nickel":5,"minecraft:decorated_pot":2,"seadwellers:aquamarine_crystal":1,"minecraft:spruce_leaves":39,"immersiveengineering:ore_silver":9,"minecraft:sandstone":2,"minecraft:hay_block":14,"minecraft:bookshelf":56,"minecraft:packed_ice":9,"minecraft:stone":201,"immersiveengineering:ore_aluminum":10,"betterarcheology:archeology_table":1,"minecraft:brown_carpet":9,"minecraft:tall_grass":2,"minecraft:copper_ore":43,"minecraft:lapis_ore":11,"minecraft:diorite":119,"minecraft:black_stained_glass":1,"minecraft:birch_planks":2,"minecraft:ice":16,"minecraft:spruce_log":95,"minecraft:coal_ore":80,"minecraft:gravel":6,"minecraft:cobweb":17,"minecraft:small_dripleaf":1,"minecraft:gold_ore":8,"immersiveengineering:crate":1,"minecraft:fern":2},"minecraft:killed_by":{"born_in_chaos_v1:nightmare_stalker":1,"minecraft:vindicator":1,"minecraft:vex":1,"born_in_chaos_v1:lifestealer_true_form":1,"alexsmobs:bison":1,"aquamirae:anglerfish":1},"minecraft:broken":{"minecraft:golden_boots":1,"minecraft:iron_sword":1,"minecraft:stone_sword":1,"minecraft:shield":1,"minecraft:iron_axe":1,"minecraft:iron_pickaxe":2}},"DataVersion":3465}