{"stats":{"minecraft:custom":{"minecraft:jump":27,"minecraft:time_since_rest":4624,"minecraft:walk_on_water_one_cm":648,"minecraft:sprint_one_cm":3609,"minecraft:damage_taken":35,"minecraft:play_time":4624,"minecraft:time_since_death":4624,"minecraft:walk_one_cm":25224,"minecraft:total_world_time":4624,"minecraft:walk_under_water_one_cm":5252,"minecraft:swim_one_cm":9130,"minecraft:fall_one_cm":1291,"minecraft:fly_one_cm":665,"minecraft:open_barrel":1},"minecraft:used":{"alexsmobs:animal_dictionary":1}},"DataVersion":3465}