{"stats":{"minecraft:killed":{"born_in_chaos_v1:zombie_clown":1,"alexsmobs:lobster":1,"minecraft:cave_spider":16,"born_in_chaos_v1:restless_spirit":5,"born_in_chaos_v1:zombie_lumberjack":3,"minecraft:spider":12,"alexsmobs:snow_leopard":1,"minecraft:cod":2,"born_in_chaos_v1:siamese_skeletonsright":1,"born_in_chaos_v1:baby_skeleton_minion":6,"minecraft:skeleton":20,"minecraft:chicken":3,"realmrpg_demons:chort":15,"aquamirae:golden_moth":2,"born_in_chaos_v1:supreme_bonescaller_stage_2":1,"irons_spellbooks:summoned_skeleton":4,"mowziesmobs:foliaath":1,"born_in_chaos_v1:firelight_not_despawn":1,"alexscaves:gammaroach":1,"minecraft:zombie_villager":1,"minecraft:salmon":8,"minecraft:creeper":4,"mowziesmobs:lantern":1,"laendli_transport:crab":2,"born_in_chaos_v1:zombie_fisherman":1,"minecraft:pillager":45,"minecraft:zombie":39,"born_in_chaos_v1:dread_hound":9,"laendli_transport:bock":1,"born_in_chaos_v1:corpse_fly":12,"minecraft:stray":18,"alexsmobs:fly":1,"minecraft:cow":7,"minecraft:vex":5,"irons_spellbooks:summoned_zombie":5,"alexsmobs:raccoon":3,"minecraft:vindicator":9,"alexsmobs:seagull":2,"born_in_chaos_v1:skeleton_thrasher_not_despawn":1,"born_in_chaos_v1:zombie_bruiser":2,"born_in_chaos_v1:maggot":15,"minecraft:phantom":2,"alexsmobs:comb_jelly":1,"minecraft:drowned":1,"born_in_chaos_v1:corpse_fish":4,"alexsmobs:tusklin":2,"minecraft:husk":37,"aquamirae:maw":7,"born_in_chaos_v1:bone_imp_minion":24,"born_in_chaos_v1:baby_skeleton":5,"minecraft:rabbit":1,"irons_spellbooks:citadel_keeper":1,"born_in_chaos_v1:decrepit_skeleton":14,"born_in_chaos_v1:decaying_zombie":1,"aquamirae:anglerfish":1,"born_in_chaos_v1:bonescaller_not_despawn":2,"born_in_chaos_v1:dark_vortex":1,"alexsmobs:crow":1},"minecraft:dropped":{"minecraft:iron_sword":3,"minecraft:porkchop":5,"minecraft:lapis_lazuli":58,"minecraft:oak_log":2,"minecraft:glow_ink_sac":9,"minecraft:cooked_porkchop":1,"minecraft:weeping_vines":1,"minecraft:glow_berries":12,"minecraft:leather":38,"born_in_chaos_v1:pieceofdarkmetal":13,"minecraft:rail":2,"minecraft:leather_helmet":2,"friendsandfoes:totem_of_illusion":1,"minecraft:emerald":5,"minecraft:cobblestone_stairs":1,"minecraft:dirt":7,"minecraft:dark_oak_log":2,"born_in_chaos_v1:monster_skin":2,"laendli_transport:recipe_book_weapons":1,"minecraft:coast_armor_trim_smithing_template":2,"minecraft:seagrass":5,"minecraft:snowball":15,"irons_spellbooks:arcane_essence":3,"minecraft:chain":1,"minecraft:gold_nugget":29,"alexscaves:cave_map":1,"minecraft:iron_pickaxe":2,"minecraft:dark_oak_planks":2,"alexsmobs:raccoon_tail":2,"minecraft:blue_bed":1,"minecraft:bone":14,"betterarcheology:archeology_table":2,"irons_spellbooks:blank_rune":2,"alexscaves:waste_drum":2,"minecraft:iron_nugget":12,"born_in_chaos_v1:fire_dust":3,"seadwellers:aquamarine":2,"alexscaves:radrock":1,"minecraft:wheat":31,"minecraft:rotten_flesh":31,"minecraft:oak_planks":23,"minecraft:light_gray_carpet":3,"immersiveengineering:raw_aluminum":9,"minecraft:carrot":6,"minecraft:chainmail_chestplate":1,"minecraft:rabbit_hide":2,"minecraft:leather_chestplate":2,"minecraft:tipped_arrow":1,"born_in_chaos_v1:seedof_chaos":2,"minecraft:gunpowder":7,"aquamirae:esca":4,"immersiveengineering:manual":2,"born_in_chaos_v1:corpse_maggot":9,"minecraft:ladder":8,"minecraft:leather_leggings":2,"minecraft:spruce_slab":2,"minecraft:arrow":8,"minecraft:enchanted_book":1,"minecraft:iron_ingot":29,"minecraft:bread":77,"aquamirae:ship_graveyard_echo":3,"born_in_chaos_v1:intoxicating_decoction":4,"born_in_chaos_v1:shattered_skull":4,"minecraft:wheat_seeds":1,"minecraft:golden_helmet":1,"minecraft:mossy_cobblestone":1,"minecraft:iron_helmet":1,"minecraft:cobblestone":93,"minecraft:book":79,"alexscaves:spelunkery_table":1,"minecraft:apple":3,"minecraft:acacia_log":1,"minecraft:chainmail_helmet":2,"minecraft:coal":57,"minecraft:mushroom_stew":1,"minecraft:stick":8,"minecraft:turtle_egg":2,"irons_spellbooks:affinity_ring":1,"minecraft:diorite":29,"minecraft:torch":23,"minecraft:rose_bush":1,"minecraft:potion":2,"minecraft:iron_leggings":2,"minecraft:dried_kelp":6,"minecraft:iron_axe":1,"minecraft:chainmail_leggings":2,"minecraft:iron_shovel":1,"minecraft:paper":4,"minecraft:string":17,"minecraft:tripwire_hook":1,"minecraft:redstone":6,"minecraft:snow_block":1,"minecraft:kelp":2,"alexsmobs:maggot":2,"irons_spellbooks:copper_spell_book":1,"minecraft:stone_sword":1,"minecraft:raw_copper":20,"minecraft:bowl":4,"minecraft:raw_iron":10,"minecraft:clay_ball":48,"minecraft:iron_boots":1,"minecraft:stripped_oak_log":12,"immersiveengineering:jerrycan":1,"minecraft:glow_lichen":1,"minecraft:spruce_fence":4,"mowziesmobs:glowing_jelly":2,"minecraft:potato":1,"minecraft:shield":4,"minecraft:spruce_trapdoor":3,"minecraft:spruce_planks":18,"minecraft:bundle":3,"minecraft:cake":1,"aquamirae:spinefish":4,"minecraft:golden_leggings":1,"minecraft:stone_pressure_plate":1,"minecraft:spider_eye":4,"minecraft:bamboo":2,"minecraft:brown_carpet":3,"aquamirae:pirate_pouch":4,"minecraft:spruce_log":71,"minecraft:bow":2},"minecraft:custom":{"minecraft:interact_with_crafting_table":18,"minecraft:open_barrel":530,"minecraft:bell_ring":43,"minecraft:eat_cake_slice":4,"minecraft:leave_game":7,"minecraft:time_since_death":79509,"minecraft:sprint_one_cm":973775,"minecraft:damage_blocked_by_shield":5485,"minecraft:drop":229,"minecraft:talked_to_villager":7,"minecraft:play_time":676606,"minecraft:deaths":7,"minecraft:jump":7155,"minecraft:interact_with_brewingstand":4,"minecraft:walk_on_water_one_cm":90949,"minecraft:interact_with_furnace":10,"minecraft:interact_with_cartography_table":1,"minecraft:interact_with_loom":6,"minecraft:sleep_in_bed":5,"minecraft:damage_dealt":59118,"minecraft:player_kills":2,"minecraft:crouch_one_cm":3713,"minecraft:inspect_dispenser":1,"minecraft:interact_with_smithing_table":3,"minecraft:inspect_dropper":1,"minecraft:interact_with_anvil":12,"minecraft:mob_kills":435,"minecraft:damage_dealt_resisted":2348,"minecraft:climb_one_cm":67215,"minecraft:walk_one_cm":2340436,"minecraft:sneak_time":1952,"minecraft:walk_under_water_one_cm":84648,"minecraft:interact_with_lectern":6,"minecraft:boat_one_cm":163410,"minecraft:interact_with_blast_furnace":4,"minecraft:total_world_time":676606,"minecraft:time_since_rest":79578,"minecraft:damage_taken":9702,"minecraft:swim_one_cm":248739,"minecraft:fly_one_cm":1489324,"minecraft:open_chest":190,"minecraft:aviate_one_cm":7681,"minecraft:fish_caught":15,"minecraft:fall_one_cm":132442},"minecraft:crafted":{"minecraft:oak_planks":4,"minecraft:iron_boots":2,"minecraft:copper_block":9,"born_in_chaos_v1:pileof_dark_metal":2,"minecraft:arrow":32,"irons_spellbooks:copper_spell_book":1,"minecraft:crafting_table":3,"minecraft:spruce_planks":80,"minecraft:gold_block":14,"born_in_chaos_v1:staffofthe_summoner":1,"minecraft:paper":27,"minecraft:emerald_block":13,"minecraft:stick":124,"minecraft:iron_ingot":34,"minecraft:iron_pickaxe":2,"minecraft:iron_block":15,"minecraft:gold_ingot":21,"alexscaves:cave_map":1,"minecraft:diamond":18,"born_in_chaos_v1:bone_handle":1,"minecraft:iron_axe":2,"minecraft:ladder":36,"minecraft:iron_hoe":1,"minecraft:dark_oak_planks":4,"minecraft:wheat":171,"fabledweaponry:scythe_iron":1,"minecraft:iron_sword":2,"minecraft:bone":6,"minecraft:bread":57,"minecraft:iron_leggings":1,"minecraft:torch":184,"minecraft:lapis_block":12},"minecraft:used":{"minecraft:ladder":31,"minecraft:decorated_pot":2,"minecraft:shield":214,"minecraft:iron_sword":503,"immersiveengineering:reinforced_crate":52,"minecraft:iron_chestplate":2,"minecraft:carrot":11,"minecraft:snowball":15,"minecraft:iron_helmet":1,"minecraft:bow":158,"minecraft:golden_boots":2,"minecraft:stone_pickaxe":12,"minecraft:leather_chestplate":1,"minecraft:chainmail_helmet":1,"minecraft:stripped_mangrove_wood":1,"alexscaves:cave_book":15,"minecraft:bread":106,"minecraft:cyan_carpet":2,"immersive_aircraft:gyrodyne":1,"minecraft:chain":1,"minecraft:experience_bottle":1,"minecraft:stone_sword":193,"minecraft:armor_stand":4,"minecraft:cooked_salmon":1,"minecraft:torch":191,"minecraft:brewing_stand":1,"minecraft:dirt":26,"minecraft:chainmail_chestplate":1,"minecraft:iron_axe":326,"minecraft:iron_boots":3,"minecraft:goat_horn":1,"fabledweaponry:scythe_iron":487,"immersiveengineering:crate":1,"minecraft:cooked_beef":17,"minecraft:light_gray_bed":1,"minecraft:iron_leggings":3,"minecraft:calcite":3,"minecraft:acacia_boat":3,"minecraft:water_bucket":2,"minecraft:bundle":3,"minecraft:rail":2,"minecraft:crafting_table":3,"minecraft:spruce_log":3,"minecraft:apple":31,"minecraft:iron_pickaxe":663,"minecraft:suspicious_stew":4,"born_in_chaos_v1:staffofthe_summoner":89,"minecraft:spruce_sapling":6,"minecraft:fishing_rod":21,"minecraft:cobblestone":107,"minecraft:bucket":3,"minecraft:pumpkin_pie":15,"alexsmobs:animal_dictionary":1},"minecraft:picked_up":{"irons_spellbooks:scroll":3,"minecraft:seagrass":5,"minecraft:iron_chestplate":6,"alexscaves:waste_drum":2,"minecraft:wheat":48,"minecraft:suspicious_stew":1,"minecraft:wither_rose":1,"minecraft:turtle_egg":3,"seadwellers:aquamarine":6,"minecraft:brewing_stand":1,"minecraft:string":76,"minecraft:raw_copper":143,"aquamirae:pirate_pouch":11,"minecraft:cooked_salmon":1,"minecraft:iron_leggings":10,"minecraft:armor_stand":4,"minecraft:pufferfish":2,"immersiveengineering:jerrycan":1,"minecraft:beetroot":1,"immersiveengineering:reinforced_crate":60,"immersiveengineering:raw_lead":22,"irons_spellbooks:arcane_essence":12,"minecraft:gold_nugget":33,"minecraft:bucket":1,"minecraft:spruce_planks":4,"minecraft:rose_bush":2,"minecraft:calcite":3,"minecraft:iron_pickaxe":12,"irons_spellbooks:blank_rune":2,"alexsmobs:raccoon_tail":3,"minecraft:melon_slice":11,"minecraft:coal_block":3,"irons_spellbooks:inscription_table":1,"minecraft:mangrove_log":2,"minecraft:iron_boots":4,"minecraft:furnace":4,"minecraft:tipped_arrow":10,"minecraft:golden_helmet":1,"minecraft:stick":109,"born_in_chaos_v1:shattered_skull":8,"minecraft:composter":4,"minecraft:torch":124,"minecraft:acacia_log":2,"minecraft:spruce_stairs":22,"minecraft:snow_block":1,"minecraft:porkchop":10,"minecraft:dried_kelp":8,"laendli_transport:recipe_book_weapons":1,"minecraft:diorite":93,"aquamirae:esca":5,"minecraft:brown_carpet":3,"minecraft:stone_sword":2,"minecraft:light_gray_bed":1,"minecraft:rotten_flesh":148,"minecraft:iron_block":4,"immersiveengineering:glider":2,"minecraft:cod":17,"minecraft:snowball":55,"irons_spellbooks:copper_spell_book":5,"minecraft:cobblestone":319,"born_in_chaos_v1:staffof_magic_arrows":2,"minecraft:leather_chestplate":3,"minecraft:feather":8,"born_in_chaos_v1:spiritual_dust":6,"minecraft:water_bucket":3,"minecraft:golden_leggings":1,"minecraft:potato":1,"alexscaves:cave_book":4,"minecraft:acacia_boat":4,"minecraft:lapis_lazuli":124,"minecraft:dirt":125,"born_in_chaos_v1:staffofthe_summoner":4,"aquamirae:fin":10,"minecraft:name_tag":1,"born_in_chaos_v1:monster_skin":10,"irons_spellbooks:iron_spell_book":1,"minecraft:bone":111,"minecraft:bow":9,"minecraft:wheat_seeds":1,"alexscaves:toxic_paste":5,"betterarcheology:archeology_table":3,"minecraft:raw_gold":8,"minecraft:bamboo":2,"minecraft:rabbit":2,"minecraft:oak_planks":46,"minecraft:glow_lichen":1,"irons_spellbooks:fireward_ring":1,"irons_spellbooks:frozen_bone":26,"minecraft:cooked_porkchop":1,"immersiveengineering:raw_aluminum":10,"minecraft:diamond_block":2,"minecraft:dark_oak_log":3,"minecraft:mossy_cobblestone":1,"laendli_transport:shotgun":4,"minecraft:bundle":8,"born_in_chaos_v1:fire_dust":8,"minecraft:crossbow":3,"minecraft:bone_meal":1,"minecraft:chainmail_helmet":4,"minecraft:emerald":47,"minecraft:bread":207,"alexsmobs:maggot":3,"born_in_chaos_v1:rotten_fish":4,"immersiveengineering:raw_nickel":5,"minecraft:light_gray_carpet":3,"minecraft:charcoal":4,"minecraft:ladder":3,"minecraft:clay_ball":59,"born_in_chaos_v1:seedof_chaos":7,"minecraft:leather_leggings":1,"friendsandfoes:totem_of_illusion":1,"mowziesmobs:glowing_jelly":4,"minecraft:chain":7,"minecraft:shield":12,"aquamirae:sharp_bones":6,"immersiveengineering:manual":2,"minecraft:iron_axe":8,"minecraft:netherite_scrap":1,"born_in_chaos_v1:intoxicating_decoction":8,"minecraft:iron_shovel":3,"minecraft:cyan_carpet":5,"minecraft:blackstone":6,"minecraft:beef":17,"immersiveengineering:crate":1,"born_in_chaos_v1:gnawed_bones":3,"minecraft:iron_nugget":27,"minecraft:spruce_slab":2,"irons_spellbooks:emerald_stoneplate_ring":1,"minecraft:sugar_cane":12,"minecraft:spruce_trapdoor":3,"minecraft:raw_iron":70,"minecraft:sandstone":2,"minecraft:stripped_mangrove_wood":1,"minecraft:spruce_fence":4,"minecraft:cake":1,"born_in_chaos_v1:pieceofdarkmetal":23,"minecraft:carrot":7,"minecraft:redstone":6,"minecraft:stone_pressure_plate":1,"minecraft:dark_oak_planks":2,"minecraft:arrow":153,"minecraft:weeping_vines":1,"minecraft:decorated_pot":2,"minecraft:pumpkin_pie":4,"seadwellers:icy_loot_crate":16,"minecraft:hay_block":19,"alexscaves:spelunkery_table":1,"born_in_chaos_v1:spiny_shell":1,"minecraft:gold_ingot":6,"born_in_chaos_v1:trident_hayfork":2,"minecraft:glow_berries":19,"laendli_transport:ammunition_shotgun":234,"seadwellers:cavern_loot_crate":39,"minecraft:rail":4,"born_in_chaos_v1:fused_bone":3,"minecraft:stripped_oak_log":24,"born_in_chaos_v1:corpse_maggot":30,"born_in_chaos_v1:monster_flesh":10,"minecraft:golden_carrot":1,"minecraft:glow_ink_sac":27,"minecraft:tripwire_hook":1,"minecraft:salmon":10,"minecraft:leather":19,"aquamirae:spinefish":4,"minecraft:birch_planks":2,"minecraft:mushroom_stew":1,"minecraft:oak_log":4,"minecraft:chainmail_chestplate":1,"minecraft:golden_boots":2,"alexscaves:charred_remnant":1,"minecraft:gunpowder":21,"minecraft:cobblestone_stairs":1,"immersive_aircraft:gyrodyne":1,"seadwellers:depth_nugget":9,"minecraft:blue_bed":2,"minecraft:paper":4,"irons_spellbooks:common_ink":3,"fabledweaponry:scythe_iron":3,"minecraft:apple":69,"minecraft:kelp":3,"mowziesmobs:foliaath_seed":1,"minecraft:rabbit_hide":4,"minecraft:iron_ingot":36,"alexscaves:radrock":1,"minecraft:stone_pickaxe":1,"irons_spellbooks:cinder_essence":1,"minecraft:iron_sword":6,"minecraft:book":284,"born_in_chaos_v1:death_totem":5,"aquamirae:ship_graveyard_echo":5,"born_in_chaos_v1:orbofthe_summoner":2,"born_in_chaos_v1:ethereal_spirit":7,"minecraft:gravel":6,"born_in_chaos_v1:dark_rod":3,"minecraft:spruce_sapling":6,"minecraft:spruce_log":96,"minecraft:spider_eye":9,"minecraft:leather_helmet":1,"minecraft:chainmail_leggings":3,"alexsmobs:rainbow_jelly":1,"minecraft:iron_helmet":7,"alexscaves:cave_map":5,"seadwellers:farmer_loot_crate":2,"minecraft:coal":98,"immersiveengineering:raw_silver":9},"minecraft:mined":{"minecraft:dark_oak_planks":2,"minecraft:spruce_planks":4,"minecraft:brewing_stand":1,"minecraft:grass_block":4,"minecraft:light_gray_bed":1,"minecraft:spawner":19,"minecraft:iron_ore":70,"minecraft:fire":9,"minecraft:dirt_path":10,"immersiveengineering:ore_lead":22,"betterarcheology:loot_vase":1,"minecraft:iron_block":4,"minecraft:spruce_slab":1,"immersiveengineering:reinforced_crate":50,"minecraft:blackstone":8,"minecraft:torch":2,"minecraft:calcite":2,"minecraft:melon":3,"minecraft:cobblestone":8,"minecraft:sugar_cane":1,"minecraft:wall_torch":4,"minecraft:chain":7,"minecraft:grass":5,"minecraft:oak_log":1,"minecraft:dirt":8,"minecraft:oak_leaves":1,"alexscaves:spelunkery_table":1,"minecraft:potted_wither_rose":1,"minecraft:dark_oak_log":1,"minecraft:glow_lichen":1,"immersiveengineering:ore_nickel":5,"minecraft:decorated_pot":2,"seadwellers:aquamarine_crystal":1,"minecraft:spruce_leaves":42,"immersiveengineering:ore_silver":9,"minecraft:sandstone":2,"minecraft:hay_block":14,"minecraft:diamond_block":2,"minecraft:bookshelf":56,"minecraft:packed_ice":9,"irons_spellbooks:inscription_table":1,"minecraft:stone":231,"immersiveengineering:ore_aluminum":10,"minecraft:oak_slab":4,"betterarcheology:archeology_table":1,"minecraft:brown_carpet":9,"minecraft:copper_ore":43,"minecraft:tall_grass":6,"minecraft:lapis_ore":11,"minecraft:diorite":119,"minecraft:black_stained_glass":1,"minecraft:birch_planks":2,"minecraft:ice":16,"minecraft:spruce_log":95,"minecraft:birch_leaves":1,"minecraft:coal_ore":80,"minecraft:gravel":6,"minecraft:cobweb":19,"minecraft:small_dripleaf":1,"minecraft:gold_ore":8,"immersiveengineering:crate":1,"minecraft:fern":3},"minecraft:killed_by":{"born_in_chaos_v1:nightmare_stalker":1,"minecraft:vindicator":1,"minecraft:vex":1,"born_in_chaos_v1:lifestealer_true_form":1,"alexsmobs:bison":1,"aquamirae:anglerfish":1},"minecraft:broken":{"minecraft:golden_boots":1,"minecraft:iron_sword":1,"minecraft:stone_sword":1,"minecraft:shield":2,"minecraft:iron_axe":1,"minecraft:iron_pickaxe":2,"minecraft:iron_helmet":1}},"DataVersion":3465}