{"stats":{"minecraft:dropped":{"minecraft:iron_ingot":2,"minecraft:bread":41,"minecraft:iron_sword":1,"minecraft:mossy_cobblestone":1,"minecraft:cooked_porkchop":1,"minecraft:weeping_vines":1,"minecraft:iron_helmet":1,"minecraft:book":67,"minecraft:chainmail_helmet":2,"minecraft:mushroom_stew":1,"friendsandfoes:totem_of_illusion":1,"minecraft:stick":3,"minecraft:emerald":5,"minecraft:cobblestone_stairs":1,"minecraft:dirt":7,"minecraft:rose_bush":1,"minecraft:seagrass":5,"minecraft:snowball":15,"minecraft:potion":2,"minecraft:chain":1,"minecraft:iron_axe":1,"minecraft:iron_shovel":1,"minecraft:chainmail_leggings":2,"minecraft:blue_bed":1,"minecraft:stone_sword":1,"minecraft:rotten_flesh":12,"minecraft:oak_planks":23,"minecraft:stripped_oak_log":12,"minecraft:light_gray_carpet":3,"minecraft:spruce_fence":4,"minecraft:chainmail_chestplate":1,"minecraft:leather_chestplate":2,"minecraft:potato":1,"minecraft:shield":1,"minecraft:bundle":1,"minecraft:spruce_trapdoor":3,"minecraft:cake":1,"born_in_chaos_v1:corpse_maggot":3,"minecraft:golden_leggings":1,"minecraft:stone_pressure_plate":1,"minecraft:brown_carpet":3,"minecraft:spruce_slab":1},"minecraft:killed_by":{"minecraft:vex":1},"minecraft:broken":{"minecraft:golden_boots":1,"minecraft:stone_sword":1,"minecraft:shield":1,"minecraft:iron_sword":1},"minecraft:crafted":{"minecraft:iron_boots":1,"born_in_chaos_v1:bone_handle":1,"minecraft:iron_axe":1,"born_in_chaos_v1:pileof_dark_metal":2,"minecraft:crafting_table":1,"minecraft:spruce_planks":24,"minecraft:iron_sword":2,"born_in_chaos_v1:staffofthe_summoner":1,"minecraft:stick":16,"minecraft:torch":32},"minecraft:used":{"minecraft:stone_sword":193,"minecraft:armor_stand":4,"minecraft:shield":134,"minecraft:iron_sword":353,"minecraft:cooked_salmon":1,"minecraft:iron_chestplate":1,"minecraft:torch":12,"minecraft:brewing_stand":1,"minecraft:dirt":7,"minecraft:chainmail_chestplate":1,"minecraft:carrot":10,"minecraft:snowball":15,"minecraft:iron_axe":92,"minecraft:iron_helmet":1,"minecraft:iron_boots":1,"minecraft:bow":14,"minecraft:light_gray_bed":1,"minecraft:iron_leggings":2,"minecraft:golden_boots":2,"minecraft:calcite":3,"minecraft:stone_pickaxe":12,"minecraft:leather_chestplate":1,"minecraft:chainmail_helmet":1,"minecraft:stripped_mangrove_wood":1,"minecraft:crafting_table":1,"minecraft:apple":15,"minecraft:iron_pickaxe":34,"minecraft:bread":18,"minecraft:cyan_carpet":2,"born_in_chaos_v1:staffofthe_summoner":6,"minecraft:spruce_sapling":1,"minecraft:fishing_rod":11,"minecraft:chain":1,"minecraft:pumpkin_pie":15,"alexsmobs:animal_dictionary":1},"minecraft:killed":{"alexsmobs:lobster":1,"minecraft:cave_spider":4,"born_in_chaos_v1:restless_spirit":2,"minecraft:spider":1,"born_in_chaos_v1:skeleton_thrasher_not_despawn":1,"born_in_chaos_v1:baby_skeleton_minion":6,"born_in_chaos_v1:maggot":4,"minecraft:skeleton":4,"realmrpg_demons:chort":2,"alexsmobs:comb_jelly":1,"born_in_chaos_v1:corpse_fish":1,"alexsmobs:tusklin":1,"born_in_chaos_v1:supreme_bonescaller_stage_2":1,"born_in_chaos_v1:firelight_not_despawn":1,"minecraft:husk":22,"born_in_chaos_v1:bone_imp_minion":21,"born_in_chaos_v1:baby_skeleton":1,"minecraft:salmon":5,"minecraft:rabbit":1,"born_in_chaos_v1:decrepit_skeleton":5,"minecraft:pillager":1,"minecraft:zombie":14,"born_in_chaos_v1:dread_hound":1,"born_in_chaos_v1:corpse_fly":7,"born_in_chaos_v1:bonescaller_not_despawn":2,"born_in_chaos_v1:dark_vortex":1,"minecraft:stray":14,"alexsmobs:crow":1},"minecraft:mined":{"minecraft:potted_wither_rose":1,"minecraft:brewing_stand":1,"minecraft:grass_block":3,"minecraft:light_gray_bed":1,"minecraft:spruce_leaves":12,"minecraft:spawner":6,"minecraft:hay_block":14,"minecraft:fire":2,"minecraft:bookshelf":54,"minecraft:dirt_path":10,"minecraft:packed_ice":3,"minecraft:stone":2,"minecraft:iron_block":2,"minecraft:brown_carpet":9,"minecraft:calcite":2,"minecraft:melon":3,"minecraft:tall_grass":1,"minecraft:copper_ore":10,"minecraft:sugar_cane":1,"minecraft:wall_torch":1,"minecraft:chain":4,"minecraft:black_stained_glass":1,"minecraft:birch_planks":2,"minecraft:ice":13,"minecraft:spruce_log":6,"minecraft:coal_ore":12,"minecraft:dirt":1,"minecraft:cobweb":2,"minecraft:fern":1},"minecraft:custom":{"minecraft:mob_kills":134,"minecraft:interact_with_crafting_table":10,"minecraft:open_barrel":123,"minecraft:bell_ring":43,"minecraft:damage_dealt_resisted":1459,"minecraft:eat_cake_slice":2,"minecraft:leave_game":2,"minecraft:time_since_death":53055,"minecraft:climb_one_cm":26674,"minecraft:sprint_one_cm":248687,"minecraft:walk_one_cm":728186,"minecraft:damage_blocked_by_shield":3245,"minecraft:drop":50,"minecraft:deaths":1,"minecraft:play_time":175559,"minecraft:sneak_time":137,"minecraft:walk_under_water_one_cm":22849,"minecraft:jump":1745,"minecraft:interact_with_brewingstand":2,"minecraft:interact_with_blast_furnace":2,"minecraft:walk_on_water_one_cm":12664,"minecraft:total_world_time":175559,"minecraft:interact_with_furnace":2,"minecraft:sleep_in_bed":4,"minecraft:time_since_rest":29834,"minecraft:damage_taken":2388,"minecraft:damage_dealt":24683,"minecraft:fly_one_cm":362775,"minecraft:swim_one_cm":68615,"minecraft:open_chest":38,"minecraft:crouch_one_cm":145,"minecraft:fish_caught":11,"minecraft:fall_one_cm":29563},"minecraft:picked_up":{"minecraft:seagrass":5,"minecraft:charcoal":4,"minecraft:iron_chestplate":2,"minecraft:wheat":3,"minecraft:clay_ball":11,"born_in_chaos_v1:seedof_chaos":3,"friendsandfoes:totem_of_illusion":1,"minecraft:wither_rose":1,"minecraft:chain":7,"minecraft:brewing_stand":1,"minecraft:shield":6,"minecraft:raw_copper":34,"minecraft:string":32,"minecraft:iron_axe":3,"minecraft:cooked_salmon":1,"minecraft:iron_leggings":2,"minecraft:armor_stand":4,"minecraft:iron_shovel":2,"minecraft:pufferfish":2,"minecraft:cyan_carpet":5,"minecraft:beetroot":1,"minecraft:gold_nugget":2,"born_in_chaos_v1:gnawed_bones":2,"minecraft:rose_bush":2,"minecraft:calcite":3,"minecraft:iron_pickaxe":2,"minecraft:spruce_slab":1,"minecraft:coal_block":3,"minecraft:melon_slice":11,"minecraft:sugar_cane":6,"minecraft:spruce_trapdoor":3,"minecraft:furnace":4,"minecraft:tipped_arrow":6,"minecraft:stick":1,"minecraft:stripped_mangrove_wood":1,"born_in_chaos_v1:shattered_skull":3,"minecraft:composter":4,"minecraft:torch":26,"minecraft:spruce_stairs":22,"minecraft:spruce_fence":4,"minecraft:cake":1,"minecraft:stone_pressure_plate":1,"minecraft:brown_carpet":3,"minecraft:weeping_vines":1,"minecraft:stone_sword":2,"minecraft:arrow":36,"minecraft:light_gray_bed":1,"minecraft:rotten_flesh":35,"minecraft:pumpkin_pie":4,"seadwellers:icy_loot_crate":16,"minecraft:hay_block":19,"minecraft:iron_block":2,"minecraft:gold_ingot":6,"minecraft:cod":9,"minecraft:snowball":55,"minecraft:cobblestone":2,"minecraft:stripped_oak_log":24,"born_in_chaos_v1:fused_bone":1,"born_in_chaos_v1:corpse_maggot":9,"minecraft:leather_chestplate":3,"minecraft:feather":1,"born_in_chaos_v1:monster_flesh":6,"born_in_chaos_v1:spiritual_dust":2,"minecraft:salmon":5,"minecraft:golden_leggings":1,"minecraft:potato":1,"minecraft:birch_planks":2,"minecraft:mushroom_stew":1,"minecraft:chainmail_chestplate":1,"minecraft:golden_boots":2,"minecraft:gunpowder":2,"minecraft:cobblestone_stairs":1,"minecraft:blue_bed":2,"minecraft:dirt":21,"born_in_chaos_v1:monster_skin":5,"minecraft:bone":51,"minecraft:apple":5,"minecraft:bow":2,"minecraft:rabbit_hide":2,"minecraft:iron_ingot":4,"minecraft:stone_pickaxe":1,"minecraft:rabbit":2,"minecraft:iron_sword":3,"minecraft:oak_planks":46,"minecraft:book":272,"born_in_chaos_v1:death_totem":1,"minecraft:cooked_porkchop":1,"irons_spellbooks:frozen_bone":20,"born_in_chaos_v1:orbofthe_summoner":1,"born_in_chaos_v1:ethereal_spirit":5,"born_in_chaos_v1:dark_rod":3,"minecraft:spruce_sapling":1,"minecraft:spruce_log":6,"minecraft:spider_eye":2,"minecraft:mossy_cobblestone":1,"minecraft:bundle":2,"born_in_chaos_v1:fire_dust":2,"minecraft:chainmail_leggings":3,"alexsmobs:rainbow_jelly":1,"minecraft:iron_helmet":3,"minecraft:bone_meal":1,"minecraft:emerald":1,"minecraft:bread":43,"minecraft:chainmail_helmet":4,"born_in_chaos_v1:rotten_fish":1,"minecraft:light_gray_carpet":3,"minecraft:coal":17}},"DataVersion":3465}