{"stats":{"minecraft:used":{"minecraft:stone_sword":193,"minecraft:armor_stand":4,"minecraft:ladder":31,"minecraft:iron_sword":370,"minecraft:shield":157,"minecraft:cooked_salmon":1,"minecraft:torch":27,"minecraft:iron_chestplate":1,"minecraft:brewing_stand":1,"minecraft:dirt":24,"minecraft:chainmail_chestplate":1,"minecraft:snowball":15,"minecraft:carrot":10,"minecraft:iron_axe":120,"minecraft:iron_helmet":1,"minecraft:iron_boots":1,"minecraft:bow":29,"immersiveengineering:crate":1,"minecraft:light_gray_bed":1,"minecraft:iron_leggings":2,"minecraft:calcite":3,"minecraft:golden_boots":2,"minecraft:water_bucket":1,"minecraft:stone_pickaxe":12,"minecraft:leather_chestplate":1,"minecraft:chainmail_helmet":1,"minecraft:stripped_mangrove_wood":1,"minecraft:crafting_table":1,"alexscaves:cave_book":2,"minecraft:apple":19,"minecraft:iron_pickaxe":207,"minecraft:cyan_carpet":2,"minecraft:bread":27,"born_in_chaos_v1:staffofthe_summoner":8,"minecraft:spruce_sapling":1,"minecraft:fishing_rod":21,"minecraft:cobblestone":5,"minecraft:bucket":2,"minecraft:chain":1,"minecraft:pumpkin_pie":15,"alexsmobs:animal_dictionary":1},"minecraft:crafted":{"minecraft:iron_boots":1,"born_in_chaos_v1:bone_handle":1,"minecraft:iron_axe":1,"minecraft:ladder":36,"born_in_chaos_v1:pileof_dark_metal":2,"minecraft:wheat":171,"minecraft:crafting_table":1,"minecraft:spruce_planks":52,"minecraft:iron_sword":2,"minecraft:bread":57,"born_in_chaos_v1:staffofthe_summoner":1,"minecraft:iron_ingot":9,"minecraft:stick":104,"minecraft:iron_pickaxe":2,"minecraft:torch":32},"minecraft:mined":{"minecraft:spruce_planks":1,"minecraft:potted_wither_rose":1,"minecraft:brewing_stand":1,"minecraft:grass_block":3,"minecraft:light_gray_bed":1,"minecraft:spruce_leaves":21,"minecraft:sandstone":2,"minecraft:spawner":6,"minecraft:hay_block":14,"minecraft:iron_ore":9,"minecraft:fire":2,"minecraft:bookshelf":54,"minecraft:dirt_path":10,"minecraft:packed_ice":3,"minecraft:stone":82,"minecraft:iron_block":2,"immersiveengineering:ore_aluminum":10,"minecraft:brown_carpet":9,"minecraft:calcite":2,"minecraft:melon":3,"minecraft:copper_ore":27,"minecraft:tall_grass":1,"minecraft:cobblestone":1,"minecraft:lapis_ore":2,"minecraft:sugar_cane":1,"minecraft:wall_torch":2,"minecraft:chain":4,"minecraft:black_stained_glass":1,"minecraft:birch_planks":2,"minecraft:ice":13,"minecraft:spruce_log":20,"minecraft:coal_ore":58,"minecraft:gravel":6,"minecraft:dirt":7,"minecraft:cobweb":2,"immersiveengineering:crate":1,"minecraft:fern":1},"minecraft:picked_up":{"minecraft:charcoal":4,"minecraft:seagrass":5,"minecraft:iron_chestplate":2,"minecraft:wheat":4,"minecraft:ladder":3,"minecraft:clay_ball":11,"born_in_chaos_v1:seedof_chaos":3,"friendsandfoes:totem_of_illusion":1,"minecraft:wither_rose":1,"minecraft:chain":7,"minecraft:brewing_stand":1,"minecraft:shield":6,"immersiveengineering:manual":1,"minecraft:string":34,"minecraft:raw_copper":89,"minecraft:iron_axe":3,"minecraft:cooked_salmon":1,"minecraft:iron_leggings":2,"minecraft:armor_stand":4,"immersiveengineering:jerrycan":1,"minecraft:iron_shovel":2,"minecraft:pufferfish":2,"minecraft:cyan_carpet":5,"minecraft:beetroot":1,"minecraft:gold_nugget":2,"minecraft:bucket":1,"minecraft:spruce_planks":1,"immersiveengineering:crate":1,"minecraft:rose_bush":2,"born_in_chaos_v1:gnawed_bones":2,"minecraft:calcite":3,"minecraft:iron_pickaxe":2,"minecraft:spruce_slab":1,"minecraft:spruce_trapdoor":3,"minecraft:coal_block":3,"minecraft:melon_slice":11,"minecraft:sugar_cane":6,"minecraft:mangrove_log":2,"minecraft:furnace":4,"minecraft:raw_iron":9,"minecraft:tipped_arrow":6,"minecraft:stick":6,"minecraft:sandstone":2,"minecraft:stripped_mangrove_wood":1,"born_in_chaos_v1:shattered_skull":3,"minecraft:composter":4,"minecraft:torch":28,"minecraft:acacia_log":1,"minecraft:spruce_stairs":22,"minecraft:spruce_fence":4,"minecraft:cake":1,"born_in_chaos_v1:pieceofdarkmetal":2,"minecraft:stone_pressure_plate":1,"minecraft:brown_carpet":3,"minecraft:stone_sword":2,"minecraft:light_gray_bed":1,"minecraft:arrow":37,"minecraft:weeping_vines":1,"minecraft:rotten_flesh":40,"minecraft:pumpkin_pie":4,"seadwellers:icy_loot_crate":16,"minecraft:hay_block":19,"minecraft:iron_block":2,"minecraft:gold_ingot":6,"minecraft:cod":12,"minecraft:snowball":55,"minecraft:cobblestone":83,"born_in_chaos_v1:fused_bone":1,"minecraft:stripped_oak_log":24,"born_in_chaos_v1:corpse_maggot":12,"minecraft:leather_chestplate":3,"minecraft:feather":1,"born_in_chaos_v1:monster_flesh":8,"born_in_chaos_v1:spiritual_dust":2,"minecraft:salmon":6,"minecraft:golden_leggings":1,"minecraft:potato":1,"minecraft:birch_planks":2,"minecraft:mushroom_stew":1,"minecraft:oak_log":1,"minecraft:chainmail_chestplate":1,"minecraft:golden_boots":2,"minecraft:gunpowder":3,"minecraft:cobblestone_stairs":1,"minecraft:lapis_lazuli":16,"minecraft:blue_bed":2,"minecraft:dirt":27,"minecraft:name_tag":1,"born_in_chaos_v1:monster_skin":5,"minecraft:bone":51,"minecraft:apple":5,"minecraft:bow":2,"minecraft:rabbit_hide":2,"minecraft:iron_ingot":5,"minecraft:stone_pickaxe":1,"minecraft:rabbit":2,"minecraft:iron_sword":3,"minecraft:oak_planks":46,"minecraft:book":272,"irons_spellbooks:frozen_bone":20,"born_in_chaos_v1:death_totem":1,"minecraft:cooked_porkchop":1,"born_in_chaos_v1:orbofthe_summoner":1,"born_in_chaos_v1:ethereal_spirit":6,"immersiveengineering:raw_aluminum":10,"minecraft:gravel":6,"born_in_chaos_v1:dark_rod":3,"minecraft:spruce_sapling":1,"minecraft:spruce_log":20,"minecraft:spider_eye":2,"minecraft:mossy_cobblestone":1,"minecraft:bundle":2,"born_in_chaos_v1:fire_dust":2,"minecraft:chainmail_leggings":3,"alexsmobs:rainbow_jelly":1,"minecraft:iron_helmet":3,"minecraft:bone_meal":1,"minecraft:chainmail_helmet":4,"minecraft:emerald":1,"minecraft:bread":43,"born_in_chaos_v1:rotten_fish":1,"minecraft:light_gray_carpet":3,"minecraft:coal":63},"minecraft:custom":{"minecraft:interact_with_anvil":1,"minecraft:mob_kills":148,"minecraft:interact_with_crafting_table":10,"minecraft:open_barrel":163,"minecraft:bell_ring":43,"minecraft:damage_dealt_resisted":1513,"minecraft:eat_cake_slice":2,"minecraft:leave_game":4,"minecraft:time_since_death":101968,"minecraft:climb_one_cm":43377,"minecraft:sprint_one_cm":291722,"minecraft:walk_one_cm":897359,"minecraft:damage_blocked_by_shield":3805,"minecraft:drop":63,"minecraft:play_time":224472,"minecraft:sneak_time":206,"minecraft:deaths":1,"minecraft:walk_under_water_one_cm":23226,"minecraft:interact_with_brewingstand":2,"minecraft:jump":2188,"minecraft:interact_with_blast_furnace":4,"minecraft:walk_on_water_one_cm":13530,"minecraft:total_world_time":224472,"minecraft:interact_with_furnace":7,"minecraft:interact_with_loom":1,"minecraft:sleep_in_bed":4,"minecraft:time_since_rest":78747,"minecraft:damage_taken":2938,"minecraft:damage_dealt":25635,"minecraft:swim_one_cm":68615,"minecraft:fly_one_cm":436790,"minecraft:open_chest":40,"minecraft:crouch_one_cm":519,"minecraft:fish_caught":15,"minecraft:fall_one_cm":38079},"minecraft:killed":{"alexsmobs:lobster":1,"minecraft:cave_spider":4,"born_in_chaos_v1:restless_spirit":3,"born_in_chaos_v1:zombie_lumberjack":1,"minecraft:spider":1,"alexsmobs:snow_leopard":1,"born_in_chaos_v1:zombie_bruiser":1,"born_in_chaos_v1:skeleton_thrasher_not_despawn":1,"born_in_chaos_v1:baby_skeleton_minion":6,"born_in_chaos_v1:maggot":6,"minecraft:skeleton":4,"realmrpg_demons:chort":3,"alexsmobs:comb_jelly":1,"born_in_chaos_v1:corpse_fish":1,"alexsmobs:tusklin":1,"born_in_chaos_v1:supreme_bonescaller_stage_2":1,"born_in_chaos_v1:firelight_not_despawn":1,"minecraft:husk":22,"born_in_chaos_v1:bone_imp_minion":21,"born_in_chaos_v1:baby_skeleton":1,"minecraft:salmon":5,"minecraft:rabbit":1,"born_in_chaos_v1:decrepit_skeleton":5,"minecraft:pillager":1,"minecraft:zombie":15,"born_in_chaos_v1:dread_hound":2,"born_in_chaos_v1:corpse_fly":8,"born_in_chaos_v1:bonescaller_not_despawn":2,"minecraft:stray":14,"born_in_chaos_v1:dark_vortex":1,"alexsmobs:crow":1},"minecraft:broken":{"minecraft:golden_boots":1,"minecraft:stone_sword":1,"minecraft:shield":1,"minecraft:iron_sword":1},"minecraft:killed_by":{"minecraft:vex":1},"minecraft:dropped":{"minecraft:iron_ingot":2,"minecraft:bread":54,"minecraft:iron_sword":1,"minecraft:mossy_cobblestone":1,"minecraft:cooked_porkchop":1,"minecraft:apple":3,"minecraft:iron_helmet":1,"minecraft:weeping_vines":1,"minecraft:book":67,"minecraft:chainmail_helmet":2,"minecraft:mushroom_stew":1,"friendsandfoes:totem_of_illusion":1,"minecraft:cobblestone_stairs":1,"minecraft:stick":8,"minecraft:emerald":5,"minecraft:dirt":7,"minecraft:rose_bush":1,"minecraft:seagrass":5,"minecraft:snowball":15,"minecraft:potion":2,"minecraft:chain":1,"minecraft:iron_axe":1,"minecraft:iron_shovel":1,"minecraft:chainmail_leggings":2,"minecraft:blue_bed":1,"minecraft:stone_sword":1,"minecraft:rotten_flesh":12,"minecraft:oak_planks":23,"minecraft:stripped_oak_log":12,"minecraft:light_gray_carpet":3,"immersiveengineering:jerrycan":1,"minecraft:spruce_fence":4,"minecraft:chainmail_chestplate":1,"minecraft:leather_chestplate":2,"minecraft:potato":1,"minecraft:shield":1,"minecraft:spruce_trapdoor":3,"minecraft:bundle":1,"immersiveengineering:manual":1,"born_in_chaos_v1:corpse_maggot":3,"minecraft:cake":1,"minecraft:golden_leggings":1,"minecraft:ladder":8,"minecraft:stone_pressure_plate":1,"minecraft:brown_carpet":3,"minecraft:spruce_slab":1}},"DataVersion":3465}