{"stats":{"minecraft:killed":{"minecraft:husk":22,"born_in_chaos_v1:restless_spirit":1,"born_in_chaos_v1:baby_skeleton":1,"born_in_chaos_v1:decrepit_skeleton":1,"born_in_chaos_v1:maggot":3,"minecraft:skeleton":3,"minecraft:pillager":1,"minecraft:zombie":8,"born_in_chaos_v1:dread_hound":1,"born_in_chaos_v1:corpse_fly":3,"born_in_chaos_v1:dark_vortex":1,"alexsmobs:crow":1},"minecraft:dropped":{"minecraft:iron_ingot":2,"minecraft:bread":41,"minecraft:stone_sword":1,"minecraft:mossy_cobblestone":1,"minecraft:cooked_porkchop":1,"minecraft:rotten_flesh":6,"minecraft:book":3,"minecraft:chainmail_helmet":1,"friendsandfoes:totem_of_illusion":1,"minecraft:stick":3,"minecraft:cobblestone_stairs":1,"minecraft:emerald":5,"minecraft:leather_chestplate":2,"born_in_chaos_v1:corpse_maggot":3,"minecraft:cake":1,"minecraft:golden_leggings":1,"minecraft:potion":2,"minecraft:stone_pressure_plate":1,"minecraft:brown_carpet":3,"minecraft:chainmail_leggings":1},"minecraft:custom":{"minecraft:interact_with_furnace":1,"minecraft:mob_kills":50,"minecraft:interact_with_crafting_table":2,"minecraft:open_barrel":31,"minecraft:damage_dealt_resisted":60,"minecraft:eat_cake_slice":2,"minecraft:time_since_death":64062,"minecraft:sleep_in_bed":1,"minecraft:climb_one_cm":26172,"minecraft:time_since_rest":22586,"minecraft:sprint_one_cm":57734,"minecraft:damage_taken":716,"minecraft:walk_one_cm":311211,"minecraft:damage_blocked_by_shield":300,"minecraft:drop":24,"minecraft:damage_dealt":11203,"minecraft:swim_one_cm":16693,"minecraft:fly_one_cm":24847,"minecraft:open_chest":9,"minecraft:play_time":64062,"minecraft:sneak_time":120,"minecraft:walk_under_water_one_cm":7358,"minecraft:interact_with_brewingstand":1,"minecraft:jump":328,"minecraft:interact_with_blast_furnace":2,"minecraft:walk_on_water_one_cm":1759,"minecraft:total_world_time":64062,"minecraft:fall_one_cm":6444},"minecraft:crafted":{"minecraft:iron_sword":1,"minecraft:stick":4},"minecraft:mined":{"minecraft:potted_wither_rose":1,"minecraft:brown_carpet":9,"minecraft:calcite":2,"minecraft:melon":3,"minecraft:light_gray_bed":1,"minecraft:hay_block":14,"minecraft:birch_planks":2,"minecraft:black_stained_glass":1,"minecraft:dirt_path":1,"minecraft:dirt":1},"minecraft:used":{"minecraft:golden_boots":1,"minecraft:calcite":3,"minecraft:stone_sword":193,"minecraft:armor_stand":4,"minecraft:stone_pickaxe":3,"minecraft:shield":12,"minecraft:leather_chestplate":1,"minecraft:iron_sword":103,"minecraft:chainmail_helmet":1,"minecraft:cooked_salmon":1,"minecraft:stripped_mangrove_wood":1,"minecraft:dirt":1,"minecraft:chainmail_chestplate":1,"minecraft:apple":15,"minecraft:cyan_carpet":2,"minecraft:bow":8,"minecraft:pumpkin_pie":3,"alexsmobs:animal_dictionary":1,"minecraft:iron_leggings":1},"minecraft:picked_up":{"born_in_chaos_v1:fused_bone":1,"born_in_chaos_v1:corpse_maggot":3,"minecraft:leather_chestplate":3,"minecraft:feather":1,"minecraft:golden_leggings":1,"friendsandfoes:totem_of_illusion":1,"minecraft:potato":1,"minecraft:birch_planks":2,"minecraft:mushroom_stew":1,"minecraft:shield":1,"minecraft:golden_boots":1,"minecraft:cobblestone_stairs":1,"minecraft:dirt":1,"minecraft:cooked_salmon":1,"minecraft:iron_leggings":1,"minecraft:armor_stand":4,"minecraft:bone":3,"minecraft:cyan_carpet":5,"minecraft:apple":5,"minecraft:calcite":3,"minecraft:melon_slice":11,"minecraft:book":3,"minecraft:stripped_mangrove_wood":1,"minecraft:cooked_porkchop":1,"born_in_chaos_v1:ethereal_spirit":4,"born_in_chaos_v1:dark_rod":3,"minecraft:cake":1,"minecraft:mossy_cobblestone":1,"minecraft:stone_pressure_plate":1,"minecraft:brown_carpet":3,"minecraft:stone_sword":2,"minecraft:arrow":3,"minecraft:light_gray_bed":1,"minecraft:rotten_flesh":13,"minecraft:pumpkin_pie":3,"minecraft:chainmail_leggings":1,"minecraft:hay_block":19,"minecraft:emerald":1,"minecraft:bread":6,"minecraft:chainmail_helmet":2},"minecraft:broken":{"minecraft:stone_sword":1}},"DataVersion":3465}