{"stats":{"minecraft:used":{"minecraft:stone_sword":193,"minecraft:armor_stand":4,"minecraft:ladder":31,"minecraft:iron_sword":445,"minecraft:shield":164,"minecraft:cooked_salmon":1,"minecraft:torch":120,"minecraft:iron_chestplate":1,"minecraft:brewing_stand":1,"minecraft:dirt":24,"minecraft:chainmail_chestplate":1,"minecraft:snowball":15,"minecraft:carrot":10,"minecraft:iron_axe":122,"minecraft:iron_helmet":1,"minecraft:iron_boots":1,"minecraft:bow":33,"immersiveengineering:crate":1,"minecraft:light_gray_bed":1,"minecraft:iron_leggings":2,"minecraft:calcite":3,"minecraft:golden_boots":2,"minecraft:water_bucket":2,"minecraft:bundle":1,"minecraft:stone_pickaxe":12,"minecraft:leather_chestplate":1,"minecraft:chainmail_helmet":1,"minecraft:stripped_mangrove_wood":1,"minecraft:rail":2,"minecraft:crafting_table":1,"alexscaves:cave_book":8,"minecraft:apple":20,"minecraft:iron_pickaxe":606,"minecraft:cyan_carpet":2,"minecraft:bread":36,"born_in_chaos_v1:staffofthe_summoner":12,"minecraft:spruce_sapling":1,"minecraft:fishing_rod":21,"minecraft:cobblestone":23,"minecraft:bucket":2,"minecraft:chain":1,"minecraft:pumpkin_pie":15,"alexsmobs:animal_dictionary":1},"minecraft:crafted":{"alexscaves:cave_map":1,"minecraft:iron_boots":1,"born_in_chaos_v1:bone_handle":1,"minecraft:iron_axe":1,"minecraft:ladder":36,"born_in_chaos_v1:pileof_dark_metal":2,"minecraft:wheat":171,"minecraft:crafting_table":1,"minecraft:spruce_planks":80,"minecraft:iron_sword":2,"minecraft:bread":57,"born_in_chaos_v1:staffofthe_summoner":1,"minecraft:paper":27,"minecraft:iron_ingot":9,"minecraft:stick":124,"minecraft:iron_pickaxe":2,"minecraft:torch":100},"minecraft:mined":{"alexscaves:spelunkery_table":1,"minecraft:spruce_planks":1,"minecraft:potted_wither_rose":1,"immersiveengineering:ore_nickel":5,"minecraft:brewing_stand":1,"minecraft:grass_block":3,"immersiveengineering:ore_silver":9,"minecraft:light_gray_bed":1,"minecraft:spruce_leaves":21,"minecraft:sandstone":2,"minecraft:spawner":7,"minecraft:hay_block":14,"minecraft:iron_ore":70,"minecraft:fire":2,"minecraft:bookshelf":54,"minecraft:dirt_path":10,"minecraft:packed_ice":3,"immersiveengineering:ore_lead":22,"minecraft:stone":201,"minecraft:iron_block":2,"immersiveengineering:ore_aluminum":10,"immersiveengineering:reinforced_crate":1,"minecraft:blackstone":8,"minecraft:brown_carpet":9,"minecraft:calcite":2,"minecraft:melon":3,"minecraft:copper_ore":43,"minecraft:tall_grass":1,"minecraft:cobblestone":1,"minecraft:lapis_ore":11,"minecraft:sugar_cane":1,"minecraft:diorite":119,"minecraft:wall_torch":2,"minecraft:chain":4,"minecraft:black_stained_glass":1,"minecraft:birch_planks":2,"minecraft:ice":13,"minecraft:spruce_log":20,"minecraft:coal_ore":80,"minecraft:gravel":6,"minecraft:dirt":7,"minecraft:cobweb":17,"minecraft:gold_ore":8,"immersiveengineering:crate":1,"minecraft:fern":1},"minecraft:picked_up":{"minecraft:charcoal":4,"minecraft:seagrass":5,"minecraft:iron_chestplate":2,"minecraft:wheat":5,"minecraft:ladder":3,"minecraft:clay_ball":11,"born_in_chaos_v1:seedof_chaos":3,"friendsandfoes:totem_of_illusion":1,"minecraft:wither_rose":1,"minecraft:chain":7,"minecraft:brewing_stand":1,"minecraft:shield":6,"minecraft:blackstone":6,"immersiveengineering:manual":1,"minecraft:string":56,"minecraft:raw_copper":143,"minecraft:iron_axe":3,"minecraft:cooked_salmon":1,"minecraft:iron_leggings":2,"minecraft:armor_stand":4,"immersiveengineering:jerrycan":1,"minecraft:iron_shovel":2,"minecraft:pufferfish":2,"minecraft:cyan_carpet":5,"minecraft:beetroot":1,"immersiveengineering:reinforced_crate":1,"immersiveengineering:raw_lead":22,"minecraft:gold_nugget":2,"minecraft:bucket":1,"minecraft:spruce_planks":1,"immersiveengineering:crate":1,"minecraft:rose_bush":2,"born_in_chaos_v1:gnawed_bones":2,"minecraft:calcite":3,"minecraft:iron_pickaxe":3,"minecraft:spruce_slab":1,"minecraft:spruce_trapdoor":3,"minecraft:coal_block":3,"minecraft:melon_slice":11,"minecraft:sugar_cane":6,"minecraft:mangrove_log":2,"minecraft:furnace":4,"minecraft:raw_iron":70,"minecraft:tipped_arrow":6,"minecraft:stick":6,"minecraft:sandstone":2,"minecraft:stripped_mangrove_wood":1,"born_in_chaos_v1:shattered_skull":4,"minecraft:composter":4,"minecraft:torch":29,"minecraft:acacia_log":1,"minecraft:spruce_stairs":22,"minecraft:spruce_fence":4,"minecraft:cake":1,"minecraft:diorite":93,"born_in_chaos_v1:pieceofdarkmetal":2,"minecraft:stone_pressure_plate":1,"minecraft:brown_carpet":3,"minecraft:stone_sword":2,"minecraft:light_gray_bed":1,"minecraft:arrow":39,"minecraft:weeping_vines":1,"minecraft:rotten_flesh":48,"minecraft:pumpkin_pie":4,"seadwellers:icy_loot_crate":16,"minecraft:hay_block":19,"alexscaves:spelunkery_table":1,"minecraft:iron_block":2,"immersiveengineering:glider":1,"minecraft:gold_ingot":6,"minecraft:rail":4,"minecraft:cod":12,"minecraft:snowball":55,"minecraft:cobblestone":204,"born_in_chaos_v1:fused_bone":1,"minecraft:stripped_oak_log":24,"born_in_chaos_v1:corpse_maggot":14,"minecraft:leather_chestplate":3,"minecraft:feather":1,"minecraft:golden_carrot":1,"born_in_chaos_v1:monster_flesh":8,"born_in_chaos_v1:spiritual_dust":2,"minecraft:salmon":6,"minecraft:golden_leggings":1,"minecraft:potato":1,"minecraft:birch_planks":2,"minecraft:mushroom_stew":1,"minecraft:oak_log":1,"minecraft:chainmail_chestplate":1,"minecraft:golden_boots":2,"minecraft:gunpowder":4,"minecraft:cobblestone_stairs":1,"minecraft:lapis_lazuli":124,"minecraft:blue_bed":2,"minecraft:dirt":27,"minecraft:paper":4,"minecraft:name_tag":1,"born_in_chaos_v1:monster_skin":6,"minecraft:bone":57,"minecraft:apple":5,"minecraft:bow":2,"minecraft:raw_gold":8,"minecraft:rabbit_hide":2,"minecraft:iron_ingot":6,"minecraft:stone_pickaxe":1,"minecraft:rabbit":2,"minecraft:iron_sword":3,"minecraft:oak_planks":46,"minecraft:book":272,"irons_spellbooks:frozen_bone":20,"born_in_chaos_v1:death_totem":1,"minecraft:cooked_porkchop":1,"born_in_chaos_v1:orbofthe_summoner":1,"born_in_chaos_v1:ethereal_spirit":7,"immersiveengineering:raw_aluminum":10,"minecraft:gravel":6,"born_in_chaos_v1:dark_rod":3,"minecraft:spruce_sapling":1,"minecraft:spruce_log":20,"minecraft:spider_eye":4,"minecraft:mossy_cobblestone":1,"minecraft:bundle":4,"born_in_chaos_v1:fire_dust":2,"minecraft:chainmail_leggings":3,"alexsmobs:rainbow_jelly":1,"minecraft:iron_helmet":3,"minecraft:bone_meal":1,"minecraft:chainmail_helmet":4,"minecraft:emerald":1,"minecraft:bread":43,"immersiveengineering:raw_nickel":5,"born_in_chaos_v1:rotten_fish":1,"minecraft:light_gray_carpet":3,"minecraft:coal":85,"immersiveengineering:raw_silver":9},"minecraft:custom":{"minecraft:interact_with_anvil":1,"minecraft:mob_kills":172,"minecraft:interact_with_crafting_table":11,"minecraft:open_barrel":192,"minecraft:bell_ring":43,"minecraft:damage_dealt_resisted":1517,"minecraft:eat_cake_slice":2,"minecraft:leave_game":5,"minecraft:time_since_death":172856,"minecraft:climb_one_cm":43577,"minecraft:sprint_one_cm":390982,"minecraft:walk_one_cm":1109088,"minecraft:damage_blocked_by_shield":3985,"minecraft:drop":82,"minecraft:play_time":295360,"minecraft:sneak_time":342,"minecraft:deaths":1,"minecraft:walk_under_water_one_cm":36839,"minecraft:interact_with_brewingstand":2,"minecraft:jump":2582,"minecraft:interact_with_blast_furnace":4,"minecraft:walk_on_water_one_cm":33320,"minecraft:total_world_time":295360,"minecraft:interact_with_furnace":8,"minecraft:interact_with_cartography_table":1,"minecraft:interact_with_loom":4,"minecraft:sleep_in_bed":4,"minecraft:time_since_rest":149635,"minecraft:damage_taken":3197,"minecraft:damage_dealt":28743,"minecraft:swim_one_cm":73583,"minecraft:fly_one_cm":489053,"minecraft:open_chest":43,"minecraft:crouch_one_cm":830,"minecraft:fish_caught":15,"minecraft:fall_one_cm":40821},"minecraft:killed":{"alexsmobs:lobster":1,"minecraft:cave_spider":10,"born_in_chaos_v1:restless_spirit":3,"born_in_chaos_v1:zombie_lumberjack":1,"minecraft:spider":2,"alexsmobs:snow_leopard":1,"born_in_chaos_v1:zombie_bruiser":2,"born_in_chaos_v1:skeleton_thrasher_not_despawn":1,"born_in_chaos_v1:baby_skeleton_minion":6,"born_in_chaos_v1:maggot":7,"minecraft:skeleton":5,"realmrpg_demons:chort":6,"alexsmobs:comb_jelly":1,"born_in_chaos_v1:corpse_fish":1,"alexsmobs:tusklin":1,"born_in_chaos_v1:supreme_bonescaller_stage_2":1,"born_in_chaos_v1:firelight_not_despawn":1,"minecraft:husk":22,"born_in_chaos_v1:bone_imp_minion":21,"born_in_chaos_v1:baby_skeleton":1,"minecraft:salmon":5,"minecraft:rabbit":1,"born_in_chaos_v1:decrepit_skeleton":8,"minecraft:pillager":1,"minecraft:zombie":18,"born_in_chaos_v1:dread_hound":3,"born_in_chaos_v1:corpse_fly":10,"born_in_chaos_v1:bonescaller_not_despawn":2,"minecraft:stray":14,"born_in_chaos_v1:dark_vortex":1,"alexsmobs:crow":1},"minecraft:broken":{"minecraft:golden_boots":1,"minecraft:stone_sword":1,"minecraft:shield":1,"minecraft:iron_sword":1,"minecraft:iron_pickaxe":2},"minecraft:killed_by":{"minecraft:vex":1},"minecraft:dropped":{"minecraft:iron_ingot":2,"minecraft:bread":54,"minecraft:iron_sword":1,"minecraft:lapis_lazuli":58,"minecraft:mossy_cobblestone":1,"alexscaves:spelunkery_table":1,"minecraft:cooked_porkchop":1,"minecraft:cobblestone":93,"minecraft:apple":3,"minecraft:iron_helmet":1,"minecraft:weeping_vines":1,"minecraft:book":67,"minecraft:rail":2,"minecraft:coal":51,"minecraft:chainmail_helmet":2,"minecraft:mushroom_stew":1,"friendsandfoes:totem_of_illusion":1,"minecraft:cobblestone_stairs":1,"minecraft:stick":8,"minecraft:emerald":5,"minecraft:dirt":7,"minecraft:diorite":29,"minecraft:rose_bush":1,"minecraft:seagrass":5,"minecraft:snowball":15,"minecraft:potion":2,"minecraft:chain":1,"minecraft:iron_axe":1,"minecraft:iron_pickaxe":1,"minecraft:iron_shovel":1,"minecraft:chainmail_leggings":2,"minecraft:paper":4,"minecraft:blue_bed":1,"minecraft:stone_sword":1,"minecraft:raw_copper":20,"minecraft:wheat":1,"minecraft:raw_iron":10,"minecraft:rotten_flesh":12,"minecraft:oak_planks":23,"minecraft:stripped_oak_log":12,"minecraft:light_gray_carpet":3,"immersiveengineering:jerrycan":1,"immersiveengineering:raw_aluminum":9,"minecraft:spruce_fence":4,"minecraft:chainmail_chestplate":1,"minecraft:leather_chestplate":2,"minecraft:potato":1,"minecraft:shield":1,"minecraft:spruce_trapdoor":3,"minecraft:bundle":2,"immersiveengineering:manual":1,"born_in_chaos_v1:corpse_maggot":3,"minecraft:cake":1,"minecraft:golden_leggings":1,"minecraft:ladder":8,"minecraft:stone_pressure_plate":1,"minecraft:brown_carpet":3,"minecraft:spruce_slab":1}},"DataVersion":3465}