{"stats":{"minecraft:used":{"minecraft:iron_shovel":459,"immersiveengineering:seed":3,"minecraft:ladder":36,"minecraft:chest":1,"minecraft:shield":171,"minecraft:iron_sword":255,"minecraft:smooth_sandstone_stairs":16,"minecraft:rotten_flesh":1,"immersiveengineering:craftingtable":1,"minecraft:carrot":14,"immersiveengineering:cokebrick":92,"friendsandfoes:totem_of_illusion":2,"minecraft:lantern":1,"minecraft:stone_bricks":1,"minecraft:furnace":3,"minecraft:dark_oak_stairs":1,"minecraft:damaged_anvil":1,"minecraft:spruce_door":7,"immersiveengineering:jerrycan":2,"minecraft:stone_pickaxe":103,"minecraft:mangrove_planks":7,"minecraft:oak_planks":37,"minecraft:wooden_pickaxe":11,"minecraft:sandstone":3,"minecraft:blue_bed":1,"minecraft:sugar_cane":37,"minecraft:sand":59,"minecraft:loom":1,"minecraft:mushroom_stew":3,"minecraft:blast_furnace":5,"immersiveengineering:hammer":6,"minecraft:bread":42,"minecraft:gravel":5,"minecraft:smithing_table":1,"minecraft:andesite":1,"minecraft:chain":1,"minecraft:waxed_cut_copper_stairs":6,"minecraft:oak_boat":1,"minecraft:bone_meal":47,"minecraft:stone_sword":1,"minecraft:spruce_planks":3,"minecraft:oak_door":6,"minecraft:torch":56,"minecraft:dirt":41,"minecraft:brewing_stand":2,"immersiveengineering:creosote_bucket":1,"minecraft:spruce_stairs":23,"minecraft:spruce_fence":17,"immersiveengineering:workbench":1,"minecraft:iron_axe":727,"minecraft:oak_stairs":13,"minecraft:smooth_sandstone":16,"minecraft:barrel":7,"minecraft:golden_carrot":2,"immersiveengineering:crate":18,"immersiveengineering:alloybrick":8,"minecraft:stone_pressure_plate":1,"minecraft:birch_planks":7,"minecraft:bundle":3,"minecraft:cartography_table":1,"minecraft:leather_boots":1,"minecraft:oak_slab":45,"minecraft:crafting_table":2,"minecraft:cake":6,"minecraft:spruce_log":6,"minecraft:dark_prismarine":1,"minecraft:wooden_hoe":1,"minecraft:apple":3,"minecraft:iron_pickaxe":486,"minecraft:suspicious_stew":1,"minecraft:spruce_trapdoor":8,"minecraft:spruce_sapling":6,"minecraft:cobblestone":59,"minecraft:potion":5,"minecraft:cooked_porkchop":1,"minecraft:bucket":2,"alexsmobs:animal_dictionary":3,"minecraft:stripped_oak_log":10},"minecraft:mined":{"minecraft:dark_oak_planks":7,"minecraft:spruce_planks":114,"minecraft:cobblestone_stairs":4,"minecraft:brewing_stand":2,"minecraft:spruce_trapdoor":15,"minecraft:grass_block":17,"minecraft:coal_block":5,"minecraft:composter":2,"minecraft:spawner":6,"minecraft:weeping_vines_plant":1,"minecraft:iron_ore":48,"minecraft:fire":1,"minecraft:barrel":2,"minecraft:dark_oak_stairs":1,"minecraft:oak_stairs":10,"minecraft:smooth_sandstone_stairs":16,"immersiveengineering:ore_lead":9,"minecraft:white_banner":1,"minecraft:stripped_mangrove_wood":4,"minecraft:spruce_slab":15,"minecraft:waxed_cut_copper":27,"minecraft:waxed_cut_copper_stairs":27,"minecraft:clay":101,"minecraft:blast_furnace":5,"minecraft:calcite":5,"minecraft:chest":1,"minecraft:cobblestone":7,"minecraft:grindstone":1,"minecraft:sugar_cane":55,"minecraft:oak_planks":81,"minecraft:damaged_anvil":1,"minecraft:smooth_sandstone_slab":2,"minecraft:wall_torch":11,"minecraft:deepslate_copper_ore":1,"minecraft:chain":1,"immersiveengineering:cokebrick":37,"minecraft:birch_log":6,"minecraft:jukebox":1,"minecraft:waxed_copper_block":39,"minecraft:grass":16,"minecraft:oak_log":11,"minecraft:loom":1,"minecraft:sand":289,"minecraft:dirt":45,"minecraft:dark_prismarine":1,"minecraft:yellow_wall_banner":1,"minecraft:mossy_cobblestone":4,"minecraft:candle":1,"minecraft:oak_door":2,"minecraft:ladder":1,"minecraft:chiseled_bookshelf":1,"minecraft:spruce_fence":13,"immersiveengineering:coke_oven":1,"minecraft:spruce_leaves":27,"minecraft:cartography_table":1,"minecraft:sandstone":92,"minecraft:hay_block":5,"minecraft:furnace":3,"immersiveengineering:hemp":18,"minecraft:snow":22,"minecraft:andesite":1,"minecraft:bookshelf":78,"minecraft:deepslate_iron_ore":9,"minecraft:lantern":1,"minecraft:stripped_oak_log":50,"minecraft:packed_ice":2,"minecraft:stone":119,"minecraft:bone_block":1,"immersiveengineering:ore_aluminum":7,"minecraft:smithing_table":1,"minecraft:oak_slab":4,"minecraft:light_gray_carpet":3,"minecraft:snow_block":1,"minecraft:spruce_door":5,"minecraft:oak_fence":8,"minecraft:smooth_sandstone":8,"minecraft:crafting_table":3,"minecraft:rose_bush":1,"minecraft:lectern":1,"minecraft:campfire":2,"minecraft:tall_grass":1,"minecraft:copper_ore":28,"minecraft:diorite":1,"minecraft:blue_bed":1,"minecraft:spruce_stairs":107,"minecraft:black_stained_glass":2,"minecraft:birch_planks":2,"minecraft:ice":29,"minecraft:white_carpet":9,"minecraft:spruce_log":45,"minecraft:red_wall_banner":1,"minecraft:coal_ore":56,"minecraft:gravel":10,"minecraft:cyan_carpet":2,"minecraft:cobweb":14,"minecraft:stone_bricks":2,"minecraft:gold_ore":1,"immersiveengineering:crate":11,"minecraft:fern":1},"minecraft:crafted":{"minecraft:brick":119,"minecraft:oak_planks":96,"immersiveengineering:hammer":1,"immersiveengineering:hemp_fabric":9,"minecraft:barrel":6,"immersiveengineering:plate_aluminum":1,"immersiveengineering:coke":1,"immersiveengineering:manual":1,"minecraft:lever":1,"immersiveengineering:coal_coke":9,"immersiveengineering:workbench":1,"minecraft:iron_boots":1,"immersiveengineering:ingot_lead":9,"immersiveengineering:treated_wood_horizontal":216,"immersiveengineering:ingot_aluminum":17,"minecraft:oak_slab":54,"minecraft:crafting_table":1,"minecraft:spruce_planks":156,"minecraft:wooden_pickaxe":2,"immersiveengineering:slab_treated_wood_horizontal":12,"minecraft:spruce_door":3,"immersiveengineering:wire_copper":27,"minecraft:copper_ingot":117,"immersiveengineering:cokebrick":81,"minecraft:birch_planks":24,"minecraft:wooden_hoe":1,"minecraft:shield":4,"minecraft:stick":156,"minecraft:leather_chestplate":1,"minecraft:light_blue_dye":1,"minecraft:iron_ingot":95,"minecraft:iron_pickaxe":3,"minecraft:iron_block":9,"minecraft:stone_sword":2,"minecraft:gold_ingot":1,"minecraft:sandstone":12,"immersiveengineering:stick_treated":20,"immersiveengineering:plate_copper":27,"immersiveengineering:wirecoil_copper":24,"minecraft:cherry_planks":4,"minecraft:oak_door":6,"immersiveengineering:crate":7,"minecraft:bone_meal":45,"minecraft:spruce_fence":12,"minecraft:spruce_stairs":4,"minecraft:iron_axe":4,"immersiveengineering:wirecutter":1,"minecraft:ladder":30,"immersiveengineering:coil_lv":1,"minecraft:stone_pickaxe":2,"immersiveengineering:stick_aluminum":8,"immersiveengineering:component_iron":1,"immersiveengineering:treated_fence":3,"immersiveengineering:glider":2,"minecraft:coal_block":12,"minecraft:iron_sword":1,"minecraft:smooth_sandstone":18,"minecraft:mangrove_planks":20,"minecraft:bucket":5,"minecraft:oak_boat":1,"immersiveengineering:alloybrick":8,"minecraft:oak_stairs":12,"minecraft:iron_shovel":2,"immersiveengineering:jerrycan":1,"immersiveengineering:plate_iron":8,"minecraft:torch":76,"laendli_transport:vehicle_part_propeller":1,"immersiveengineering:craftingtable":2},"minecraft:picked_up":{"minecraft:seagrass":5,"minecraft:wheat":1,"minecraft:flower_pot":1,"minecraft:smithing_table":1,"minecraft:oak_stairs":10,"minecraft:wither_rose":1,"minecraft:potion":5,"minecraft:brewing_stand":3,"minecraft:string":20,"minecraft:raw_copper":127,"immersiveengineering:jerrycan":1,"minecraft:beetroot":1,"immersiveengineering:raw_lead":18,"minecraft:bucket":1,"minecraft:spruce_planks":110,"minecraft:rose_bush":1,"minecraft:calcite":6,"minecraft:coal_block":7,"minecraft:furnace":3,"minecraft:tipped_arrow":2,"minecraft:stick":24,"born_in_chaos_v1:shattered_skull":2,"minecraft:jukebox":1,"minecraft:composter":4,"minecraft:oak_fence":8,"minecraft:torch":15,"immersiveengineering:coke":1,"minecraft:spruce_stairs":107,"minecraft:porkchop":10,"minecraft:cherry_log":1,"minecraft:diorite":3,"born_in_chaos_v1:nightmare_claw":2,"minecraft:brown_carpet":6,"minecraft:waxed_cut_copper_stairs":26,"minecraft:yellow_banner":1,"minecraft:rotten_flesh":72,"minecraft:iron_block":2,"minecraft:waxed_cut_copper":26,"minecraft:snowball":81,"minecraft:cobblestone":129,"minecraft:birch_log":6,"minecraft:leather_chestplate":3,"born_in_chaos_v1:spiritual_dust":2,"minecraft:andesite":1,"minecraft:golden_leggings":1,"minecraft:flint":3,"minecraft:smooth_sandstone_stairs":16,"minecraft:lapis_lazuli":16,"minecraft:dirt":74,"minecraft:lantern":1,"born_in_chaos_v1:monster_skin":6,"immersiveengineering:hemp_fiber":79,"minecraft:bone":19,"minecraft:wheat_seeds":5,"minecraft:raw_gold":2,"minecraft:oak_planks":104,"minecraft:cooked_porkchop":2,"irons_spellbooks:frozen_bone":10,"immersiveengineering:raw_aluminum":32,"minecraft:sand":286,"minecraft:loom":1,"minecraft:barrel":2,"minecraft:mossy_cobblestone":3,"minecraft:dark_prismarine":1,"minecraft:bundle":1,"born_in_chaos_v1:fire_dust":1,"minecraft:bone_meal":1,"minecraft:emerald":5,"minecraft:chainmail_helmet":2,"minecraft:bread":54,"minecraft:light_gray_carpet":3,"born_in_chaos_v1:rotten_fish":3,"minecraft:crafting_table":3,"minecraft:charcoal":4,"minecraft:ladder":9,"minecraft:clay_ball":400,"friendsandfoes:totem_of_illusion":3,"minecraft:chain":2,"minecraft:shield":1,"immersiveengineering:manual":1,"minecraft:iron_axe":1,"minecraft:white_carpet":18,"minecraft:iron_shovel":1,"minecraft:cyan_carpet":5,"minecraft:blue_orchid":1,"minecraft:cartography_table":1,"minecraft:candle":2,"immersiveengineering:crate":11,"minecraft:chest":1,"minecraft:spruce_slab":20,"minecraft:lectern":1,"minecraft:sugar_cane":90,"minecraft:spruce_trapdoor":15,"minecraft:raw_iron":70,"minecraft:sandstone":92,"minecraft:stripped_mangrove_wood":3,"minecraft:oak_door":4,"minecraft:spruce_fence":13,"minecraft:cake":1,"born_in_chaos_v1:pieceofdarkmetal":2,"minecraft:carrot":6,"minecraft:stone_pressure_plate":2,"minecraft:dark_oak_planks":7,"minecraft:smooth_sandstone_slab":2,"minecraft:arrow":5,"minecraft:weeping_vines":1,"minecraft:hay_block":4,"minecraft:skeleton_skull":1,"minecraft:bone_block":1,"minecraft:stripped_oak_log":61,"born_in_chaos_v1:corpse_maggot":29,"born_in_chaos_v1:monster_flesh":13,"minecraft:salmon":1,"minecraft:birch_planks":2,"minecraft:oak_log":11,"minecraft:chainmail_chestplate":1,"minecraft:waxed_copper_block":39,"minecraft:gunpowder":13,"minecraft:cobblestone_stairs":3,"minecraft:blue_bed":2,"minecraft:white_banner":2,"minecraft:smooth_sandstone":8,"immersiveengineering:cokebrick":38,"minecraft:apple":3,"minecraft:stone_bricks":2,"minecraft:rabbit_hide":1,"minecraft:iron_ingot":3,"minecraft:glass_bottle":5,"minecraft:iron_sword":1,"minecraft:dark_oak_stairs":1,"minecraft:book":292,"minecraft:oak_slab":4,"born_in_chaos_v1:ethereal_spirit":2,"minecraft:gravel":7,"minecraft:spruce_sapling":11,"minecraft:red_banner":1,"minecraft:blast_furnace":5,"minecraft:spruce_log":45,"minecraft:spruce_door":7,"minecraft:spider_eye":2,"immersiveengineering:seed":19,"minecraft:chainmail_leggings":2,"minecraft:iron_helmet":1,"minecraft:painting":2,"minecraft:damaged_anvil":1,"minecraft:coal":113},"minecraft:custom":{"minecraft:interact_with_crafting_table":106,"minecraft:open_barrel":390,"minecraft:bell_ring":17,"minecraft:eat_cake_slice":40,"minecraft:leave_game":9,"minecraft:time_since_death":311112,"minecraft:damage_resisted":54,"minecraft:sprint_one_cm":169816,"minecraft:damage_blocked_by_shield":2835,"minecraft:drop":84,"minecraft:talked_to_villager":1,"minecraft:play_time":435333,"minecraft:deaths":1,"minecraft:jump":3414,"minecraft:interact_with_brewingstand":7,"minecraft:walk_on_water_one_cm":34767,"minecraft:interact_with_furnace":64,"minecraft:interact_with_loom":2,"minecraft:sleep_in_bed":12,"minecraft:damage_dealt":20437,"minecraft:crouch_one_cm":52005,"minecraft:interact_with_smithing_table":5,"minecraft:mob_kills":101,"minecraft:interact_with_anvil":1,"minecraft:damage_dealt_resisted":340,"minecraft:climb_one_cm":81922,"minecraft:walk_one_cm":1902346,"minecraft:sneak_time":17541,"minecraft:walk_under_water_one_cm":89925,"minecraft:boat_one_cm":16740,"minecraft:interact_with_blast_furnace":55,"minecraft:total_world_time":435333,"minecraft:time_since_rest":88865,"minecraft:damage_taken":3903,"minecraft:swim_one_cm":28958,"minecraft:fly_one_cm":420416,"minecraft:open_chest":38,"minecraft:fall_one_cm":46832},"minecraft:killed":{"minecraft:cave_spider":1,"born_in_chaos_v1:zombie_lumberjack":1,"born_in_chaos_v1:restless_spirit":1,"minecraft:spider":6,"minecraft:skeleton":2,"realmrpg_demons:chort":1,"minecraft:illusioner":1,"born_in_chaos_v1:firelight_not_despawn":2,"minecraft:creeper":2,"born_in_chaos_v1:zombie_fisherman":1,"minecraft:pillager":1,"minecraft:zombie":20,"born_in_chaos_v1:dread_hound":2,"born_in_chaos_v1:corpse_fly":7,"minecraft:stray":2,"minecraft:vex":1,"born_in_chaos_v1:zombie_bruiser":2,"born_in_chaos_v1:maggot":18,"born_in_chaos_v1:corpse_fish":4,"minecraft:husk":15,"born_in_chaos_v1:swarmer":1,"born_in_chaos_v1:decrepit_skeleton":5,"born_in_chaos_v1:nightmare_stalker":1},"minecraft:broken":{"minecraft:iron_shovel":1,"minecraft:iron_axe":3,"minecraft:leather_boots":1,"minecraft:iron_pickaxe":1},"minecraft:killed_by":{"minecraft:vex":1},"minecraft:dropped":{"minecraft:porkchop":5,"minecraft:glass_bottle":5,"minecraft:cooked_porkchop":1,"born_in_chaos_v1:pieceofdarkmetal":1,"born_in_chaos_v1:nightmare_claw":1,"friendsandfoes:totem_of_illusion":1,"born_in_chaos_v1:monster_flesh":10,"minecraft:dirt":23,"born_in_chaos_v1:monster_skin":3,"minecraft:pumpkin_pie":3,"immersiveengineering:raw_lead":9,"minecraft:gold_ingot":6,"minecraft:sugar_cane":1,"born_in_chaos_v1:ethereal_spirit":1,"minecraft:beetroot":1,"minecraft:rotten_flesh":1,"immersiveengineering:raw_aluminum":16,"minecraft:carrot":5,"minecraft:rabbit_hide":1,"minecraft:leather_chestplate":1,"minecraft:tipped_arrow":1,"minecraft:gunpowder":11,"minecraft:charcoal":4,"immersiveengineering:manual":1,"born_in_chaos_v1:corpse_maggot":5,"minecraft:ladder":1,"minecraft:arrow":4,"minecraft:bread":6,"born_in_chaos_v1:shattered_skull":1,"minecraft:cobblestone":1,"minecraft:apple":5,"minecraft:chainmail_helmet":2,"minecraft:coal":10,"minecraft:coal_block":5,"minecraft:stick":2,"minecraft:iron_block":2,"minecraft:brewing_stand":1,"minecraft:rabbit":1,"minecraft:rose_bush":2,"minecraft:wither_rose":1,"minecraft:white_banner":1,"irons_spellbooks:frozen_bone":3,"minecraft:bucket":2,"minecraft:stone_sword":1,"minecraft:bowl":3,"minecraft:raw_iron":2,"minecraft:composter":2,"minecraft:white_carpet":9,"immersiveengineering:jerrycan":1,"born_in_chaos_v1:spiritual_dust":2,"minecraft:hay_block":4,"minecraft:shield":1,"minecraft:cake":1,"minecraft:stone_pressure_plate":1,"minecraft:spider_eye":1,"minecraft:brown_carpet":6,"minecraft:bow":1,"minecraft:wooden_pickaxe":1,"minecraft:raw_gold":1,"minecraft:calcite":6}},"DataVersion":3465}