{"stats":{"minecraft:killed":{"minecraft:cave_spider":1,"born_in_chaos_v1:restless_spirit":4,"born_in_chaos_v1:zombie_lumberjack":2,"minecraft:spider":7,"minecraft:skeleton":5,"realmrpg_demons:chort":2,"minecraft:illusioner":1,"aquamirae:golden_moth":6,"born_in_chaos_v1:firelight_not_despawn":2,"irons_spellbooks:necromancer":2,"minecraft:creeper":2,"born_in_chaos_v1:zombie_fisherman":1,"minecraft:pillager":10,"minecraft:zombie":24,"born_in_chaos_v1:dread_hound":4,"born_in_chaos_v1:corpse_fly":11,"minecraft:stray":2,"minecraft:vex":1,"irons_spellbooks:summoned_zombie":1,"alexsmobs:raccoon":1,"minecraft:vindicator":8,"born_in_chaos_v1:zombie_bruiser":2,"born_in_chaos_v1:maggot":22,"minecraft:phantom":1,"born_in_chaos_v1:corpse_fish":5,"born_in_chaos_v1:fallen_chaos_knight":1,"minecraft:husk":15,"aquamirae:maw":1,"born_in_chaos_v1:swarmer":2,"born_in_chaos_v1:decrepit_skeleton":7,"born_in_chaos_v1:dark_vortex":1,"born_in_chaos_v1:nightmare_stalker":1},"minecraft:dropped":{"minecraft:porkchop":5,"minecraft:lapis_lazuli":10,"minecraft:diamond":1,"minecraft:glass_bottle":5,"minecraft:cooked_porkchop":1,"minecraft:leather":11,"born_in_chaos_v1:pieceofdarkmetal":4,"born_in_chaos_v1:nightmare_claw":1,"friendsandfoes:totem_of_illusion":1,"minecraft:emerald":34,"born_in_chaos_v1:monster_flesh":12,"minecraft:dirt":23,"born_in_chaos_v1:monster_skin":4,"laendli_transport:recipe_book_weapons":1,"irons_spellbooks:arcane_essence":4,"minecraft:pumpkin_pie":3,"immersiveengineering:raw_lead":9,"minecraft:bone":2,"minecraft:gold_ingot":8,"minecraft:sugar_cane":1,"minecraft:wheat":2,"born_in_chaos_v1:ethereal_spirit":8,"minecraft:beetroot":1,"minecraft:rotten_flesh":2,"laendli_transport:ammunition_shotgun":72,"immersiveengineering:raw_aluminum":16,"minecraft:carrot":8,"minecraft:rabbit_hide":1,"minecraft:leather_chestplate":1,"minecraft:tipped_arrow":1,"born_in_chaos_v1:seedof_chaos":1,"minecraft:gunpowder":11,"minecraft:charcoal":4,"immersiveengineering:manual":1,"born_in_chaos_v1:corpse_maggot":9,"minecraft:chest":1,"minecraft:ladder":1,"minecraft:arrow":18,"aquamirae:sharp_bones":7,"born_in_chaos_v1:dark_rod":2,"minecraft:iron_ingot":2,"minecraft:bread":6,"born_in_chaos_v1:shattered_skull":1,"minecraft:cobblestone":1,"minecraft:apple":5,"minecraft:chainmail_helmet":2,"minecraft:coal":10,"minecraft:coal_block":5,"minecraft:stick":31,"minecraft:iron_block":2,"minecraft:brewing_stand":1,"minecraft:rabbit":1,"minecraft:rose_bush":2,"minecraft:wither_rose":1,"minecraft:white_banner":1,"minecraft:string":5,"irons_spellbooks:frozen_bone":3,"minecraft:bucket":2,"minecraft:redstone":2,"minecraft:snow_block":2,"immersiveengineering:raw_uranium":3,"minecraft:stone_sword":1,"minecraft:bowl":7,"born_in_chaos_v1:rotten_fish":1,"minecraft:raw_iron":10,"minecraft:composter":2,"minecraft:white_carpet":9,"immersiveengineering:jerrycan":1,"born_in_chaos_v1:spiritual_dust":2,"immersiveengineering:glider":1,"minecraft:hay_block":4,"minecraft:shield":2,"laendli_transport:shotgun":1,"minecraft:spruce_planks":8,"minecraft:cake":1,"minecraft:stone_pressure_plate":1,"minecraft:spider_eye":1,"aquamirae:pirate_pouch":5,"minecraft:brown_carpet":6,"minecraft:spruce_log":1,"minecraft:bow":1,"minecraft:wooden_pickaxe":1,"minecraft:raw_gold":1,"minecraft:calcite":6},"minecraft:custom":{"minecraft:interact_with_crafting_table":127,"minecraft:open_barrel":696,"minecraft:bell_ring":17,"minecraft:eat_cake_slice":58,"minecraft:leave_game":10,"minecraft:time_since_death":64728,"minecraft:damage_resisted":54,"minecraft:sprint_one_cm":278735,"minecraft:damage_blocked_by_shield":3165,"minecraft:drop":143,"minecraft:talked_to_villager":1,"minecraft:play_time":599611,"minecraft:deaths":5,"minecraft:interact_with_brewingstand":7,"minecraft:jump":4393,"minecraft:walk_on_water_one_cm":40493,"minecraft:interact_with_furnace":67,"minecraft:interact_with_loom":2,"minecraft:sleep_in_bed":12,"minecraft:damage_dealt":31081,"minecraft:crouch_one_cm":59753,"minecraft:interact_with_smithing_table":7,"minecraft:interact_with_anvil":2,"minecraft:mob_kills":159,"minecraft:damage_dealt_resisted":380,"minecraft:climb_one_cm":114772,"minecraft:walk_one_cm":2555235,"minecraft:sneak_time":20321,"minecraft:walk_under_water_one_cm":114769,"minecraft:interact_with_lectern":3,"minecraft:boat_one_cm":16740,"minecraft:interact_with_blast_furnace":65,"minecraft:total_world_time":599611,"minecraft:time_since_rest":64762,"minecraft:damage_taken":6210,"minecraft:swim_one_cm":67209,"minecraft:fly_one_cm":566449,"minecraft:open_chest":99,"minecraft:aviate_one_cm":35393,"minecraft:fall_one_cm":63394},"minecraft:crafted":{"minecraft:brick":119,"minecraft:oak_planks":176,"immersiveengineering:hammer":1,"minecraft:barrel":6,"immersiveengineering:hemp_fabric":61,"immersiveengineering:plate_aluminum":1,"laendli_transport:empty_catridge":24,"immersiveengineering:coke":1,"immersiveengineering:manual":1,"minecraft:lever":4,"immersiveengineering:coal_coke":9,"immersiveengineering:workbench":1,"immersiveengineering:reinforced_crate":1,"minecraft:diamond_helmet":1,"minecraft:diamond_leggings":1,"minecraft:iron_boots":1,"laendli_transport:gun_part_lock":1,"immersiveengineering:ingot_lead":9,"minecraft:chest":2,"minecraft:copper_block":2,"immersiveengineering:treated_wood_horizontal":288,"immersiveengineering:ingot_aluminum":17,"minecraft:oak_slab":54,"minecraft:crafting_table":3,"minecraft:spruce_planks":184,"minecraft:wooden_pickaxe":2,"immersiveengineering:windmill":1,"immersiveengineering:slab_treated_wood_horizontal":12,"minecraft:spruce_door":3,"immersiveengineering:windmill_sail":8,"immersiveengineering:wire_copper":27,"minecraft:copper_ingot":117,"immersiveengineering:cokebrick":81,"minecraft:birch_planks":32,"laendli_transport:gun_part_barrel":3,"minecraft:wooden_hoe":1,"minecraft:shield":6,"minecraft:stick":236,"minecraft:light_blue_dye":1,"minecraft:iron_ingot":177,"minecraft:leather_chestplate":1,"minecraft:iron_pickaxe":4,"minecraft:iron_block":9,"minecraft:stone_sword":2,"minecraft:snow_block":3,"minecraft:gold_ingot":1,"minecraft:sandstone":12,"immersiveengineering:stick_treated":60,"laendli_transport:shotgun":1,"immersiveengineering:plate_copper":27,"immersiveengineering:wirecoil_copper":24,"minecraft:cherry_planks":4,"minecraft:oak_door":6,"immersiveengineering:crate":7,"minecraft:iron_nugget":63,"immersiveengineering:stick_iron":4,"minecraft:piston":1,"minecraft:bone_meal":150,"minecraft:spruce_fence":12,"minecraft:spruce_stairs":4,"minecraft:iron_axe":5,"minecraft:ladder":48,"immersiveengineering:wirecutter":1,"immersiveengineering:coil_lv":1,"minecraft:stone_pickaxe":2,"immersiveengineering:stick_aluminum":8,"immersiveengineering:dynamo":1,"immersiveengineering:treated_fence":3,"immersiveengineering:component_iron":1,"immersiveengineering:glider":2,"minecraft:coal_block":12,"minecraft:red_dye":1,"minecraft:crossbow":1,"minecraft:iron_trapdoor":2,"fabledweaponry:maul_iron":1,"minecraft:enchanting_table":1,"immersiveengineering:windmill_blade":8,"minecraft:iron_sword":1,"minecraft:smooth_sandstone":18,"minecraft:mangrove_planks":20,"minecraft:bucket":10,"fabledweaponry:dagger_diamond":1,"minecraft:bread":19,"laendli_transport:recipe_book_weapons":1,"minecraft:oak_boat":1,"immersiveengineering:alloybrick":8,"minecraft:oak_stairs":12,"minecraft:iron_shovel":2,"immersiveengineering:jerrycan":2,"laendli_transport:ammunition_shotgun":72,"immersiveengineering:plate_iron":14,"minecraft:acacia_planks":4,"minecraft:torch":104,"laendli_transport:vehicle_part_propeller":1,"immersiveengineering:craftingtable":2},"minecraft:used":{"minecraft:iron_shovel":464,"minecraft:spruce_slab":1,"minecraft:ladder":54,"immersiveengineering:seed":14,"minecraft:chest":4,"minecraft:shield":181,"minecraft:iron_sword":297,"immersiveengineering:reinforced_crate":3,"minecraft:smooth_sandstone_stairs":20,"minecraft:rotten_flesh":1,"immersiveengineering:craftingtable":1,"minecraft:carrot":48,"immersiveengineering:cokebrick":92,"minecraft:stripped_spruce_log":2,"immersiveengineering:windmill":1,"friendsandfoes:totem_of_illusion":2,"minecraft:lantern":1,"minecraft:stone_bricks":1,"minecraft:written_book":1,"minecraft:furnace":3,"minecraft:dark_oak_stairs":1,"minecraft:damaged_anvil":1,"minecraft:spruce_door":7,"immersiveengineering:jerrycan":2,"minecraft:stone_pickaxe":103,"minecraft:mangrove_planks":7,"minecraft:oak_planks":37,"minecraft:wooden_pickaxe":11,"minecraft:sandstone":3,"minecraft:blue_bed":1,"minecraft:sugar_cane":37,"fabledweaponry:maul_iron":24,"minecraft:sand":59,"minecraft:loom":1,"minecraft:mushroom_stew":6,"minecraft:blast_furnace":5,"immersiveengineering:hammer":6,"minecraft:bread":51,"minecraft:gravel":5,"minecraft:smithing_table":1,"fabledweaponry:dagger_diamond":114,"minecraft:andesite":1,"minecraft:chain":1,"minecraft:waxed_cut_copper_stairs":6,"minecraft:oak_boat":1,"minecraft:bone_meal":152,"minecraft:oak_fence":1,"minecraft:enchanting_table":1,"minecraft:stone_sword":1,"minecraft:spruce_planks":10,"immersiveengineering:glider":1,"minecraft:oak_door":6,"minecraft:torch":78,"minecraft:dirt":41,"minecraft:brewing_stand":2,"immersiveengineering:creosote_bucket":1,"minecraft:spruce_stairs":23,"minecraft:diamond_helmet":1,"minecraft:spruce_fence":17,"minecraft:dark_oak_planks":2,"minecraft:bookshelf":1,"immersiveengineering:workbench":1,"minecraft:iron_axe":759,"minecraft:oak_stairs":13,"minecraft:smooth_sandstone":21,"minecraft:iron_boots":2,"minecraft:barrel":8,"alexscaves:spelunkery_table":1,"minecraft:golden_carrot":2,"immersiveengineering:crate":19,"immersiveengineering:alloybrick":8,"minecraft:stone_pressure_plate":1,"minecraft:cobbled_deepslate":1,"immersiveengineering:dynamo":1,"minecraft:snow_block":2,"minecraft:birch_planks":7,"minecraft:bundle":5,"minecraft:cartography_table":1,"minecraft:leather_boots":1,"minecraft:mossy_cobblestone":1,"minecraft:oak_slab":45,"minecraft:crafting_table":4,"minecraft:spruce_log":8,"minecraft:cake":8,"minecraft:oak_log":7,"minecraft:dark_prismarine":1,"minecraft:wooden_hoe":9,"minecraft:diamond_pickaxe":15,"minecraft:apple":3,"minecraft:iron_pickaxe":682,"minecraft:suspicious_stew":1,"minecraft:spruce_trapdoor":8,"minecraft:spruce_sapling":6,"minecraft:potion":5,"minecraft:cobblestone":95,"minecraft:cooked_porkchop":1,"minecraft:bucket":3,"alexsmobs:animal_dictionary":3,"minecraft:stripped_oak_log":10,"minecraft:diamond_leggings":1},"minecraft:picked_up":{"minecraft:seagrass":5,"minecraft:iron_chestplate":1,"minecraft:wheat":7,"minecraft:flower_pot":1,"minecraft:suspicious_stew":2,"minecraft:smithing_table":1,"minecraft:oak_stairs":10,"minecraft:wither_rose":1,"minecraft:potion":5,"minecraft:brewing_stand":3,"minecraft:amethyst_block":8,"aquamirae:pirate_pouch":2,"minecraft:string":33,"minecraft:raw_copper":127,"minecraft:iron_leggings":3,"immersiveengineering:jerrycan":2,"minecraft:beetroot":1,"immersiveengineering:reinforced_crate":3,"irons_spellbooks:arcane_essence":8,"immersiveengineering:raw_lead":18,"minecraft:diamond_leggings":3,"minecraft:gold_nugget":18,"minecraft:cobbled_deepslate":72,"minecraft:bucket":1,"minecraft:spruce_planks":173,"minecraft:rose_bush":1,"minecraft:calcite":15,"minecraft:iron_pickaxe":3,"minecraft:coal_block":7,"minecraft:iron_boots":5,"minecraft:furnace":3,"minecraft:tipped_arrow":2,"minecraft:stick":80,"born_in_chaos_v1:shattered_skull":2,"minecraft:jukebox":1,"minecraft:snow_block":1,"minecraft:composter":4,"minecraft:oak_fence":10,"minecraft:torch":64,"minecraft:spruce_stairs":107,"immersiveengineering:coke":4,"minecraft:porkchop":15,"minecraft:cherry_log":1,"laendli_transport:recipe_book_weapons":1,"minecraft:diorite":25,"born_in_chaos_v1:nightmare_claw":2,"minecraft:cauldron":1,"minecraft:brown_carpet":6,"minecraft:waxed_cut_copper_stairs":26,"minecraft:yellow_banner":1,"minecraft:rotten_flesh":81,"minecraft:iron_block":2,"minecraft:red_tulip":1,"immersiveengineering:glider":4,"minecraft:waxed_cut_copper":26,"minecraft:snowball":93,"irons_spellbooks:copper_spell_book":1,"minecraft:cobblestone":314,"minecraft:birch_log":8,"minecraft:leather_chestplate":3,"born_in_chaos_v1:spiritual_dust":2,"minecraft:water_bucket":1,"minecraft:andesite":1,"minecraft:golden_leggings":1,"alexscaves:cave_book":1,"minecraft:flint":3,"minecraft:smooth_sandstone_stairs":22,"aquamirae:fin":1,"minecraft:lapis_lazuli":46,"minecraft:dirt":74,"born_in_chaos_v1:staffofthe_summoner":1,"minecraft:lantern":1,"born_in_chaos_v1:monster_skin":8,"immersiveengineering:hemp_fiber":635,"minecraft:bone":30,"minecraft:bow":1,"minecraft:wheat_seeds":5,"minecraft:raw_gold":11,"minecraft:diamond_helmet":3,"minecraft:oak_planks":104,"immersiveengineering:raw_uranium":9,"irons_spellbooks:frozen_bone":10,"minecraft:cooked_porkchop":2,"minecraft:sand":286,"immersiveengineering:raw_aluminum":32,"minecraft:stripped_spruce_log":2,"alexsmobs:animal_dictionary":4,"minecraft:loom":1,"minecraft:barrel":2,"minecraft:mossy_cobblestone":4,"laendli_transport:shotgun":1,"minecraft:dark_prismarine":1,"minecraft:bundle":6,"born_in_chaos_v1:fire_dust":1,"minecraft:diamond":30,"minecraft:crossbow":1,"minecraft:bone_meal":1,"minecraft:emerald":28,"minecraft:chainmail_helmet":2,"minecraft:bread":68,"born_in_chaos_v1:rotten_fish":5,"minecraft:light_gray_carpet":3,"minecraft:diamond_pickaxe":4,"minecraft:crafting_table":3,"minecraft:charcoal":4,"minecraft:leather_leggings":1,"born_in_chaos_v1:seedof_chaos":2,"minecraft:ladder":9,"minecraft:clay_ball":400,"friendsandfoes:totem_of_illusion":3,"minecraft:chain":2,"minecraft:shield":9,"aquamirae:sharp_bones":6,"immersiveengineering:manual":4,"minecraft:iron_axe":4,"minecraft:white_carpet":18,"minecraft:iron_shovel":5,"minecraft:cyan_carpet":5,"minecraft:blue_orchid":1,"minecraft:cartography_table":1,"minecraft:candle":2,"fabledweaponry:maul_iron":3,"immersiveengineering:crate":13,"minecraft:iron_nugget":9,"minecraft:poppy":2,"minecraft:spruce_slab":21,"minecraft:lectern":1,"minecraft:sugar_cane":90,"minecraft:chest":4,"minecraft:phantom_membrane":2,"minecraft:spruce_trapdoor":15,"minecraft:raw_iron":106,"minecraft:sandstone":92,"minecraft:stripped_mangrove_wood":3,"minecraft:oak_door":4,"minecraft:bowl":5,"minecraft:spruce_fence":13,"minecraft:cake":1,"born_in_chaos_v1:pieceofdarkmetal":8,"minecraft:carrot":6,"minecraft:redstone":109,"minecraft:stone_pressure_plate":2,"minecraft:dark_oak_planks":13,"minecraft:smooth_sandstone_slab":2,"minecraft:arrow":32,"minecraft:weeping_vines":1,"minecraft:hay_block":4,"alexscaves:spelunkery_table":1,"minecraft:gold_ingot":4,"laendli_transport:ammunition_shotgun":49,"seadwellers:cavern_loot_crate":1,"minecraft:skeleton_skull":2,"minecraft:bone_block":1,"minecraft:stripped_oak_log":61,"born_in_chaos_v1:corpse_maggot":37,"born_in_chaos_v1:monster_flesh":17,"minecraft:salmon":12,"minecraft:leather":6,"minecraft:birch_planks":2,"minecraft:mushroom_stew":6,"minecraft:oak_log":11,"minecraft:chainmail_chestplate":1,"minecraft:waxed_copper_block":39,"seadwellers:depth_nugget":1,"minecraft:gunpowder":15,"minecraft:cobblestone_stairs":3,"minecraft:wooden_hoe":4,"minecraft:paper":12,"minecraft:blue_bed":2,"minecraft:white_banner":2,"fabledweaponry:scythe_iron":1,"minecraft:smooth_sandstone":13,"minecraft:coast_armor_trim_smithing_template":4,"immersiveengineering:cokebrick":38,"minecraft:apple":3,"minecraft:stone_bricks":2,"minecraft:spruce_wood":1,"minecraft:rabbit_hide":1,"minecraft:iron_ingot":8,"minecraft:glass_bottle":5,"minecraft:iron_sword":6,"minecraft:dark_oak_stairs":1,"minecraft:book":295,"minecraft:oak_slab":4,"minecraft:smooth_basalt":5,"born_in_chaos_v1:death_totem":1,"born_in_chaos_v1:ethereal_spirit":22,"minecraft:gravel":7,"born_in_chaos_v1:dark_rod":4,"minecraft:amethyst_shard":72,"minecraft:spruce_sapling":11,"minecraft:red_banner":1,"minecraft:blast_furnace":5,"minecraft:spruce_log":314,"minecraft:spruce_door":7,"minecraft:spider_eye":2,"immersiveengineering:seed":180,"minecraft:chainmail_leggings":2,"minecraft:iron_helmet":3,"minecraft:painting":2,"alexscaves:cave_map":1,"minecraft:damaged_anvil":3,"minecraft:coal":113},"minecraft:mined":{"minecraft:dark_oak_planks":13,"minecraft:spruce_planks":125,"minecraft:cobblestone_stairs":4,"minecraft:brewing_stand":2,"minecraft:spruce_trapdoor":15,"minecraft:grass_block":17,"minecraft:coal_block":5,"minecraft:composter":2,"minecraft:spawner":7,"immersiveengineering:deepslate_ore_uranium":3,"minecraft:weeping_vines_plant":1,"minecraft:iron_ore":48,"minecraft:fire":3,"minecraft:barrel":2,"minecraft:deepslate_lapis_ore":2,"minecraft:dark_oak_stairs":1,"minecraft:red_tulip":1,"minecraft:water_cauldron":1,"minecraft:oak_stairs":10,"minecraft:smooth_sandstone_stairs":22,"minecraft:spruce_wood":1,"immersiveengineering:ore_lead":9,"minecraft:stripped_mangrove_wood":4,"minecraft:white_banner":1,"minecraft:spruce_slab":16,"minecraft:waxed_cut_copper_stairs":27,"minecraft:waxed_cut_copper":27,"minecraft:deepslate_redstone_ore":5,"immersiveengineering:reinforced_crate":2,"minecraft:amethyst_cluster":9,"minecraft:clay":101,"minecraft:blast_furnace":5,"minecraft:calcite":14,"minecraft:poppy":1,"minecraft:chest":2,"minecraft:cobblestone":15,"minecraft:damaged_anvil":3,"minecraft:grindstone":1,"minecraft:oak_planks":81,"minecraft:sugar_cane":55,"minecraft:smooth_sandstone_slab":2,"minecraft:wall_torch":12,"minecraft:amethyst_block":8,"minecraft:deepslate_copper_ore":1,"minecraft:chain":1,"immersiveengineering:cokebrick":37,"minecraft:birch_log":6,"minecraft:jukebox":1,"minecraft:waxed_copper_block":39,"minecraft:grass":17,"minecraft:oak_log":11,"minecraft:loom":1,"minecraft:sand":289,"minecraft:dirt":45,"minecraft:smooth_basalt":5,"minecraft:deepslate":73,"minecraft:dark_prismarine":1,"minecraft:yellow_wall_banner":1,"minecraft:mossy_cobblestone":5,"minecraft:deepslate_diamond_ore":13,"minecraft:candle":1,"minecraft:oak_door":2,"minecraft:ladder":1,"minecraft:chiseled_bookshelf":1,"minecraft:spruce_fence":13,"immersiveengineering:coke_oven":1,"minecraft:spruce_leaves":27,"minecraft:cartography_table":1,"minecraft:sandstone":92,"minecraft:hay_block":5,"minecraft:furnace":3,"immersiveengineering:hemp":126,"minecraft:snow":23,"minecraft:stripped_spruce_log":2,"minecraft:andesite":1,"minecraft:bookshelf":79,"minecraft:deepslate_iron_ore":29,"minecraft:lantern":1,"minecraft:stripped_oak_log":50,"minecraft:packed_ice":5,"minecraft:stone":125,"minecraft:bone_block":1,"immersiveengineering:ore_aluminum":7,"minecraft:smithing_table":1,"minecraft:oak_slab":4,"minecraft:light_gray_carpet":3,"minecraft:snow_block":5,"minecraft:spruce_door":5,"minecraft:oak_fence":10,"minecraft:smooth_sandstone":13,"minecraft:crafting_table":3,"minecraft:rose_bush":1,"minecraft:lectern":1,"minecraft:campfire":2,"minecraft:copper_ore":28,"minecraft:tall_grass":1,"minecraft:diorite":23,"minecraft:blue_bed":1,"minecraft:spruce_stairs":107,"minecraft:black_stained_glass":2,"minecraft:birch_planks":2,"minecraft:ice":37,"minecraft:white_carpet":9,"minecraft:spruce_log":48,"minecraft:red_wall_banner":1,"minecraft:coal_ore":56,"minecraft:cyan_carpet":2,"minecraft:gravel":10,"minecraft:cobweb":17,"minecraft:stone_bricks":2,"minecraft:gold_ore":1,"immersiveengineering:crate":13,"minecraft:fern":1},"minecraft:killed_by":{"minecraft:vex":1,"minecraft:player":2},"minecraft:broken":{"minecraft:iron_shovel":1,"minecraft:iron_axe":3,"minecraft:leather_boots":1,"minecraft:iron_pickaxe":2}},"DataVersion":3465}