{"stats":{"minecraft:killed":{"minecraft:cave_spider":1,"born_in_chaos_v1:restless_spirit":4,"born_in_chaos_v1:zombie_lumberjack":2,"minecraft:spider":7,"minecraft:skeleton":5,"realmrpg_demons:chort":1,"minecraft:illusioner":1,"born_in_chaos_v1:firelight_not_despawn":2,"minecraft:creeper":2,"born_in_chaos_v1:zombie_fisherman":1,"minecraft:pillager":1,"minecraft:zombie":22,"born_in_chaos_v1:dread_hound":2,"born_in_chaos_v1:corpse_fly":7,"minecraft:stray":2,"minecraft:vex":1,"born_in_chaos_v1:zombie_bruiser":2,"born_in_chaos_v1:maggot":18,"minecraft:phantom":1,"born_in_chaos_v1:corpse_fish":4,"minecraft:husk":15,"born_in_chaos_v1:swarmer":1,"born_in_chaos_v1:decrepit_skeleton":6,"born_in_chaos_v1:nightmare_stalker":1},"minecraft:dropped":{"minecraft:porkchop":5,"minecraft:lapis_lazuli":10,"minecraft:glass_bottle":5,"minecraft:cooked_porkchop":1,"born_in_chaos_v1:pieceofdarkmetal":1,"born_in_chaos_v1:nightmare_claw":1,"friendsandfoes:totem_of_illusion":1,"born_in_chaos_v1:monster_flesh":10,"minecraft:dirt":23,"born_in_chaos_v1:monster_skin":3,"laendli_transport:recipe_book_weapons":1,"minecraft:pumpkin_pie":3,"immersiveengineering:raw_lead":9,"minecraft:gold_ingot":6,"minecraft:sugar_cane":1,"born_in_chaos_v1:ethereal_spirit":7,"minecraft:beetroot":1,"minecraft:rotten_flesh":2,"laendli_transport:ammunition_shotgun":36,"immersiveengineering:raw_aluminum":16,"minecraft:carrot":5,"minecraft:rabbit_hide":1,"minecraft:leather_chestplate":1,"minecraft:tipped_arrow":1,"minecraft:gunpowder":11,"minecraft:charcoal":4,"immersiveengineering:manual":1,"born_in_chaos_v1:corpse_maggot":5,"minecraft:chest":1,"minecraft:ladder":1,"minecraft:arrow":18,"minecraft:iron_ingot":2,"minecraft:bread":6,"born_in_chaos_v1:shattered_skull":1,"minecraft:cobblestone":1,"minecraft:apple":5,"minecraft:chainmail_helmet":2,"minecraft:coal":10,"minecraft:coal_block":5,"minecraft:stick":2,"minecraft:iron_block":2,"minecraft:brewing_stand":1,"minecraft:rabbit":1,"minecraft:rose_bush":2,"minecraft:wither_rose":1,"minecraft:white_banner":1,"minecraft:string":4,"irons_spellbooks:frozen_bone":3,"minecraft:bucket":2,"minecraft:redstone":2,"immersiveengineering:raw_uranium":3,"minecraft:stone_sword":1,"minecraft:bowl":3,"minecraft:raw_iron":10,"minecraft:composter":2,"minecraft:white_carpet":9,"immersiveengineering:jerrycan":1,"born_in_chaos_v1:spiritual_dust":2,"immersiveengineering:glider":1,"minecraft:hay_block":4,"minecraft:shield":1,"laendli_transport:shotgun":1,"minecraft:cake":1,"minecraft:stone_pressure_plate":1,"minecraft:spider_eye":1,"minecraft:brown_carpet":6,"minecraft:bow":1,"minecraft:wooden_pickaxe":1,"minecraft:raw_gold":1,"minecraft:calcite":6},"minecraft:custom":{"minecraft:interact_with_crafting_table":120,"minecraft:open_barrel":534,"minecraft:bell_ring":17,"minecraft:eat_cake_slice":48,"minecraft:leave_game":10,"minecraft:time_since_death":15747,"minecraft:damage_resisted":54,"minecraft:sprint_one_cm":183387,"minecraft:damage_blocked_by_shield":2835,"minecraft:drop":101,"minecraft:talked_to_villager":1,"minecraft:play_time":521611,"minecraft:deaths":2,"minecraft:interact_with_brewingstand":7,"minecraft:jump":3759,"minecraft:walk_on_water_one_cm":35124,"minecraft:interact_with_furnace":67,"minecraft:interact_with_loom":2,"minecraft:sleep_in_bed":12,"minecraft:damage_dealt":22545,"minecraft:crouch_one_cm":56016,"minecraft:interact_with_smithing_table":6,"minecraft:interact_with_anvil":1,"minecraft:mob_kills":113,"minecraft:damage_dealt_resisted":340,"minecraft:climb_one_cm":104013,"minecraft:walk_one_cm":2195265,"minecraft:sneak_time":18963,"minecraft:walk_under_water_one_cm":91744,"minecraft:boat_one_cm":16740,"minecraft:interact_with_blast_furnace":61,"minecraft:total_world_time":521611,"minecraft:time_since_rest":15811,"minecraft:damage_taken":4510,"minecraft:swim_one_cm":28958,"minecraft:fly_one_cm":432472,"minecraft:open_chest":61,"minecraft:aviate_one_cm":17481,"minecraft:fall_one_cm":53760},"minecraft:crafted":{"minecraft:brick":119,"minecraft:oak_planks":176,"immersiveengineering:hammer":1,"minecraft:barrel":6,"immersiveengineering:hemp_fabric":61,"immersiveengineering:plate_aluminum":1,"laendli_transport:empty_catridge":24,"immersiveengineering:coke":1,"immersiveengineering:manual":1,"minecraft:lever":4,"immersiveengineering:coal_coke":9,"immersiveengineering:workbench":1,"immersiveengineering:reinforced_crate":1,"minecraft:diamond_helmet":1,"minecraft:diamond_leggings":1,"minecraft:iron_boots":1,"laendli_transport:gun_part_lock":1,"immersiveengineering:ingot_lead":9,"minecraft:copper_block":2,"immersiveengineering:treated_wood_horizontal":288,"immersiveengineering:ingot_aluminum":17,"minecraft:oak_slab":54,"minecraft:crafting_table":2,"minecraft:spruce_planks":160,"minecraft:wooden_pickaxe":2,"immersiveengineering:windmill":1,"immersiveengineering:slab_treated_wood_horizontal":12,"minecraft:spruce_door":3,"immersiveengineering:windmill_sail":8,"immersiveengineering:wire_copper":27,"minecraft:copper_ingot":117,"immersiveengineering:cokebrick":81,"minecraft:birch_planks":32,"laendli_transport:gun_part_barrel":3,"minecraft:wooden_hoe":1,"minecraft:shield":4,"minecraft:stick":236,"minecraft:light_blue_dye":1,"minecraft:iron_ingot":177,"minecraft:leather_chestplate":1,"minecraft:iron_pickaxe":4,"minecraft:iron_block":9,"minecraft:stone_sword":2,"minecraft:gold_ingot":1,"minecraft:sandstone":12,"immersiveengineering:stick_treated":60,"laendli_transport:shotgun":1,"immersiveengineering:plate_copper":27,"immersiveengineering:wirecoil_copper":24,"minecraft:cherry_planks":4,"minecraft:oak_door":6,"immersiveengineering:crate":7,"minecraft:iron_nugget":63,"immersiveengineering:stick_iron":4,"minecraft:piston":1,"minecraft:bone_meal":150,"minecraft:spruce_fence":12,"minecraft:spruce_stairs":4,"minecraft:iron_axe":4,"minecraft:ladder":48,"immersiveengineering:wirecutter":1,"immersiveengineering:coil_lv":1,"minecraft:stone_pickaxe":2,"immersiveengineering:stick_aluminum":8,"immersiveengineering:dynamo":1,"immersiveengineering:treated_fence":3,"immersiveengineering:component_iron":1,"immersiveengineering:glider":2,"minecraft:coal_block":12,"minecraft:red_dye":1,"minecraft:iron_trapdoor":2,"minecraft:enchanting_table":1,"immersiveengineering:windmill_blade":8,"minecraft:iron_sword":1,"minecraft:smooth_sandstone":18,"minecraft:mangrove_planks":20,"minecraft:bucket":10,"minecraft:bread":2,"laendli_transport:recipe_book_weapons":1,"minecraft:oak_boat":1,"immersiveengineering:alloybrick":8,"minecraft:oak_stairs":12,"minecraft:iron_shovel":2,"immersiveengineering:jerrycan":2,"laendli_transport:ammunition_shotgun":72,"immersiveengineering:plate_iron":14,"minecraft:acacia_planks":4,"minecraft:torch":76,"laendli_transport:vehicle_part_propeller":1,"immersiveengineering:craftingtable":2},"minecraft:used":{"minecraft:iron_shovel":459,"minecraft:ladder":54,"immersiveengineering:seed":14,"minecraft:chest":2,"minecraft:shield":171,"minecraft:iron_sword":293,"immersiveengineering:reinforced_crate":3,"minecraft:smooth_sandstone_stairs":20,"minecraft:rotten_flesh":1,"immersiveengineering:craftingtable":1,"minecraft:carrot":14,"immersiveengineering:cokebrick":92,"minecraft:stripped_spruce_log":2,"immersiveengineering:windmill":1,"friendsandfoes:totem_of_illusion":2,"minecraft:lantern":1,"minecraft:stone_bricks":1,"minecraft:furnace":3,"minecraft:dark_oak_stairs":1,"minecraft:damaged_anvil":1,"minecraft:spruce_door":7,"immersiveengineering:jerrycan":2,"minecraft:stone_pickaxe":103,"minecraft:mangrove_planks":7,"minecraft:oak_planks":37,"minecraft:wooden_pickaxe":11,"minecraft:sandstone":3,"minecraft:blue_bed":1,"minecraft:sugar_cane":37,"minecraft:sand":59,"minecraft:loom":1,"minecraft:mushroom_stew":3,"minecraft:blast_furnace":5,"immersiveengineering:hammer":6,"minecraft:bread":46,"minecraft:gravel":5,"minecraft:smithing_table":1,"minecraft:andesite":1,"minecraft:chain":1,"minecraft:waxed_cut_copper_stairs":6,"minecraft:oak_boat":1,"minecraft:bone_meal":152,"minecraft:enchanting_table":1,"minecraft:stone_sword":1,"minecraft:spruce_planks":3,"immersiveengineering:glider":1,"minecraft:oak_door":6,"minecraft:torch":78,"minecraft:dirt":41,"minecraft:brewing_stand":2,"immersiveengineering:creosote_bucket":1,"minecraft:spruce_stairs":23,"minecraft:spruce_fence":17,"minecraft:bookshelf":1,"immersiveengineering:workbench":1,"minecraft:iron_axe":741,"minecraft:oak_stairs":13,"minecraft:smooth_sandstone":18,"minecraft:iron_boots":1,"minecraft:barrel":8,"alexscaves:spelunkery_table":1,"minecraft:golden_carrot":2,"immersiveengineering:crate":19,"immersiveengineering:alloybrick":8,"minecraft:stone_pressure_plate":1,"minecraft:cobbled_deepslate":1,"immersiveengineering:dynamo":1,"minecraft:birch_planks":7,"minecraft:bundle":4,"minecraft:cartography_table":1,"minecraft:leather_boots":1,"minecraft:mossy_cobblestone":1,"minecraft:oak_slab":45,"minecraft:crafting_table":3,"minecraft:spruce_log":6,"minecraft:cake":7,"minecraft:oak_log":7,"minecraft:dark_prismarine":1,"minecraft:wooden_hoe":9,"minecraft:apple":3,"minecraft:iron_pickaxe":682,"minecraft:suspicious_stew":1,"minecraft:spruce_trapdoor":8,"minecraft:spruce_sapling":6,"minecraft:potion":5,"minecraft:cobblestone":85,"minecraft:cooked_porkchop":1,"minecraft:bucket":3,"alexsmobs:animal_dictionary":3,"minecraft:stripped_oak_log":10},"minecraft:picked_up":{"minecraft:seagrass":5,"minecraft:wheat":1,"minecraft:flower_pot":1,"minecraft:smithing_table":1,"minecraft:oak_stairs":10,"minecraft:wither_rose":1,"minecraft:potion":5,"minecraft:brewing_stand":3,"minecraft:amethyst_block":8,"minecraft:string":28,"minecraft:raw_copper":127,"minecraft:iron_leggings":1,"immersiveengineering:jerrycan":2,"minecraft:beetroot":1,"immersiveengineering:reinforced_crate":2,"immersiveengineering:raw_lead":18,"minecraft:cobbled_deepslate":72,"minecraft:bucket":1,"minecraft:spruce_planks":148,"minecraft:rose_bush":1,"minecraft:calcite":15,"minecraft:iron_pickaxe":1,"minecraft:coal_block":7,"minecraft:iron_boots":1,"minecraft:furnace":3,"minecraft:tipped_arrow":2,"minecraft:stick":24,"born_in_chaos_v1:shattered_skull":2,"minecraft:jukebox":1,"minecraft:composter":4,"minecraft:oak_fence":8,"minecraft:torch":30,"minecraft:spruce_stairs":107,"immersiveengineering:coke":4,"minecraft:porkchop":10,"minecraft:cherry_log":1,"laendli_transport:recipe_book_weapons":1,"minecraft:diorite":25,"born_in_chaos_v1:nightmare_claw":2,"minecraft:cauldron":1,"minecraft:brown_carpet":6,"minecraft:waxed_cut_copper_stairs":26,"minecraft:yellow_banner":1,"minecraft:rotten_flesh":75,"minecraft:iron_block":2,"minecraft:red_tulip":1,"immersiveengineering:glider":1,"minecraft:waxed_cut_copper":26,"minecraft:snowball":81,"minecraft:cobblestone":143,"minecraft:birch_log":8,"minecraft:leather_chestplate":3,"born_in_chaos_v1:spiritual_dust":2,"minecraft:andesite":1,"minecraft:golden_leggings":1,"minecraft:flint":3,"minecraft:smooth_sandstone_stairs":22,"minecraft:lapis_lazuli":46,"minecraft:dirt":74,"minecraft:lantern":1,"born_in_chaos_v1:monster_skin":6,"immersiveengineering:hemp_fiber":623,"minecraft:bone":26,"minecraft:wheat_seeds":5,"minecraft:raw_gold":11,"minecraft:oak_planks":104,"immersiveengineering:raw_uranium":9,"irons_spellbooks:frozen_bone":10,"minecraft:cooked_porkchop":2,"minecraft:sand":286,"immersiveengineering:raw_aluminum":32,"minecraft:stripped_spruce_log":2,"alexsmobs:animal_dictionary":1,"minecraft:loom":1,"minecraft:barrel":2,"minecraft:mossy_cobblestone":4,"minecraft:dark_prismarine":1,"minecraft:bundle":2,"born_in_chaos_v1:fire_dust":1,"minecraft:diamond":29,"minecraft:bone_meal":1,"minecraft:emerald":5,"minecraft:chainmail_helmet":2,"minecraft:bread":54,"born_in_chaos_v1:rotten_fish":3,"minecraft:light_gray_carpet":3,"minecraft:diamond_pickaxe":1,"minecraft:crafting_table":3,"minecraft:charcoal":4,"minecraft:ladder":9,"minecraft:clay_ball":400,"friendsandfoes:totem_of_illusion":3,"minecraft:chain":2,"minecraft:shield":2,"immersiveengineering:manual":2,"minecraft:iron_axe":2,"minecraft:white_carpet":18,"minecraft:iron_shovel":2,"minecraft:cyan_carpet":5,"minecraft:blue_orchid":1,"minecraft:cartography_table":1,"minecraft:candle":2,"immersiveengineering:crate":13,"minecraft:poppy":2,"minecraft:spruce_slab":20,"minecraft:lectern":1,"minecraft:sugar_cane":90,"minecraft:chest":4,"minecraft:phantom_membrane":2,"minecraft:spruce_trapdoor":15,"minecraft:raw_iron":106,"minecraft:sandstone":92,"minecraft:stripped_mangrove_wood":3,"minecraft:oak_door":4,"minecraft:spruce_fence":13,"minecraft:cake":1,"born_in_chaos_v1:pieceofdarkmetal":2,"minecraft:carrot":6,"minecraft:redstone":46,"minecraft:stone_pressure_plate":2,"minecraft:dark_oak_planks":11,"minecraft:smooth_sandstone_slab":2,"minecraft:arrow":25,"minecraft:weeping_vines":1,"minecraft:hay_block":4,"alexscaves:spelunkery_table":1,"minecraft:skeleton_skull":1,"minecraft:bone_block":1,"minecraft:stripped_oak_log":61,"born_in_chaos_v1:corpse_maggot":29,"born_in_chaos_v1:monster_flesh":13,"minecraft:salmon":1,"minecraft:birch_planks":2,"minecraft:oak_log":11,"minecraft:chainmail_chestplate":1,"minecraft:waxed_copper_block":39,"minecraft:gunpowder":13,"minecraft:cobblestone_stairs":3,"minecraft:wooden_hoe":1,"minecraft:paper":12,"minecraft:blue_bed":2,"minecraft:white_banner":2,"minecraft:smooth_sandstone":10,"immersiveengineering:cokebrick":38,"minecraft:apple":3,"minecraft:stone_bricks":2,"minecraft:rabbit_hide":1,"minecraft:iron_ingot":8,"minecraft:glass_bottle":5,"minecraft:iron_sword":3,"minecraft:dark_oak_stairs":1,"minecraft:book":295,"minecraft:oak_slab":4,"minecraft:smooth_basalt":5,"born_in_chaos_v1:ethereal_spirit":20,"minecraft:gravel":7,"minecraft:amethyst_shard":72,"minecraft:spruce_sapling":11,"minecraft:red_banner":1,"minecraft:blast_furnace":5,"minecraft:spruce_log":115,"minecraft:spruce_door":7,"minecraft:spider_eye":2,"immersiveengineering:seed":177,"minecraft:chainmail_leggings":2,"minecraft:iron_helmet":2,"minecraft:painting":2,"minecraft:damaged_anvil":2,"minecraft:coal":113},"minecraft:mined":{"minecraft:dark_oak_planks":11,"minecraft:spruce_planks":116,"minecraft:cobblestone_stairs":4,"minecraft:brewing_stand":2,"minecraft:spruce_trapdoor":15,"minecraft:grass_block":17,"minecraft:coal_block":5,"minecraft:composter":2,"minecraft:spawner":7,"immersiveengineering:deepslate_ore_uranium":3,"minecraft:weeping_vines_plant":1,"minecraft:iron_ore":48,"minecraft:fire":3,"minecraft:barrel":2,"minecraft:deepslate_lapis_ore":2,"minecraft:dark_oak_stairs":1,"minecraft:red_tulip":1,"minecraft:water_cauldron":1,"minecraft:oak_stairs":10,"minecraft:smooth_sandstone_stairs":22,"immersiveengineering:ore_lead":9,"minecraft:stripped_mangrove_wood":4,"minecraft:white_banner":1,"minecraft:spruce_slab":15,"minecraft:waxed_cut_copper_stairs":27,"minecraft:waxed_cut_copper":27,"minecraft:deepslate_redstone_ore":5,"immersiveengineering:reinforced_crate":2,"minecraft:amethyst_cluster":9,"minecraft:clay":101,"minecraft:blast_furnace":5,"minecraft:calcite":14,"minecraft:poppy":1,"minecraft:chest":2,"minecraft:cobblestone":15,"minecraft:damaged_anvil":2,"minecraft:grindstone":1,"minecraft:oak_planks":81,"minecraft:sugar_cane":55,"minecraft:smooth_sandstone_slab":2,"minecraft:wall_torch":12,"minecraft:amethyst_block":8,"minecraft:deepslate_copper_ore":1,"minecraft:chain":1,"immersiveengineering:cokebrick":37,"minecraft:birch_log":6,"minecraft:jukebox":1,"minecraft:waxed_copper_block":39,"minecraft:grass":16,"minecraft:oak_log":11,"minecraft:loom":1,"minecraft:sand":289,"minecraft:dirt":45,"minecraft:smooth_basalt":5,"minecraft:deepslate":73,"minecraft:dark_prismarine":1,"minecraft:yellow_wall_banner":1,"minecraft:mossy_cobblestone":5,"minecraft:deepslate_diamond_ore":13,"minecraft:candle":1,"minecraft:oak_door":2,"minecraft:ladder":1,"minecraft:chiseled_bookshelf":1,"minecraft:spruce_fence":13,"immersiveengineering:coke_oven":1,"minecraft:spruce_leaves":27,"minecraft:cartography_table":1,"minecraft:sandstone":92,"minecraft:hay_block":5,"minecraft:furnace":3,"immersiveengineering:hemp":125,"minecraft:snow":22,"minecraft:stripped_spruce_log":2,"minecraft:andesite":1,"minecraft:bookshelf":79,"minecraft:deepslate_iron_ore":29,"minecraft:lantern":1,"minecraft:stripped_oak_log":50,"minecraft:packed_ice":2,"minecraft:stone":125,"minecraft:bone_block":1,"immersiveengineering:ore_aluminum":7,"minecraft:smithing_table":1,"minecraft:oak_slab":4,"minecraft:light_gray_carpet":3,"minecraft:snow_block":1,"minecraft:spruce_door":5,"minecraft:oak_fence":8,"minecraft:smooth_sandstone":10,"minecraft:crafting_table":3,"minecraft:rose_bush":1,"minecraft:lectern":1,"minecraft:campfire":2,"minecraft:copper_ore":28,"minecraft:tall_grass":1,"minecraft:diorite":23,"minecraft:blue_bed":1,"minecraft:spruce_stairs":107,"minecraft:black_stained_glass":2,"minecraft:birch_planks":2,"minecraft:ice":29,"minecraft:white_carpet":9,"minecraft:spruce_log":45,"minecraft:red_wall_banner":1,"minecraft:coal_ore":56,"minecraft:cyan_carpet":2,"minecraft:gravel":10,"minecraft:cobweb":14,"minecraft:stone_bricks":2,"minecraft:gold_ore":1,"immersiveengineering:crate":13,"minecraft:fern":1},"minecraft:killed_by":{"minecraft:vex":1,"minecraft:player":1},"minecraft:broken":{"minecraft:iron_shovel":1,"minecraft:iron_axe":3,"minecraft:leather_boots":1,"minecraft:iron_pickaxe":2}},"DataVersion":3465}