{"stats":{"minecraft:killed":{"minecraft:vex":1,"minecraft:cave_spider":1,"born_in_chaos_v1:restless_spirit":1,"minecraft:spider":5,"born_in_chaos_v1:maggot":5,"minecraft:illusioner":1,"born_in_chaos_v1:firelight_not_despawn":2,"minecraft:husk":15,"born_in_chaos_v1:swarmer":1,"born_in_chaos_v1:decrepit_skeleton":1,"minecraft:pillager":1,"minecraft:zombie":9,"born_in_chaos_v1:corpse_fly":5,"minecraft:stray":1,"born_in_chaos_v1:nightmare_stalker":1},"minecraft:dropped":{"minecraft:bread":6,"born_in_chaos_v1:shattered_skull":1,"minecraft:porkchop":5,"minecraft:glass_bottle":5,"minecraft:cooked_porkchop":1,"minecraft:cobblestone":1,"minecraft:apple":5,"born_in_chaos_v1:nightmare_claw":1,"minecraft:chainmail_helmet":2,"minecraft:coal":10,"minecraft:coal_block":3,"friendsandfoes:totem_of_illusion":1,"minecraft:stick":2,"born_in_chaos_v1:monster_flesh":10,"minecraft:iron_block":2,"minecraft:dirt":23,"minecraft:brewing_stand":1,"born_in_chaos_v1:monster_skin":3,"minecraft:rabbit":1,"minecraft:rose_bush":2,"minecraft:pumpkin_pie":3,"minecraft:wither_rose":1,"minecraft:white_banner":1,"irons_spellbooks:frozen_bone":3,"minecraft:gold_ingot":6,"minecraft:sugar_cane":1,"minecraft:stone_sword":1,"minecraft:bowl":3,"born_in_chaos_v1:ethereal_spirit":1,"minecraft:composter":2,"minecraft:beetroot":1,"minecraft:white_carpet":9,"minecraft:rotten_flesh":1,"born_in_chaos_v1:spiritual_dust":2,"minecraft:carrot":5,"minecraft:rabbit_hide":1,"minecraft:leather_chestplate":1,"minecraft:hay_block":4,"minecraft:tipped_arrow":1,"minecraft:shield":1,"minecraft:gunpowder":11,"minecraft:charcoal":4,"born_in_chaos_v1:corpse_maggot":5,"minecraft:cake":1,"minecraft:ladder":1,"minecraft:stone_pressure_plate":1,"minecraft:spider_eye":1,"minecraft:brown_carpet":6,"minecraft:arrow":4,"minecraft:bow":1,"minecraft:wooden_pickaxe":1,"minecraft:raw_gold":1,"minecraft:calcite":6},"minecraft:custom":{"minecraft:mob_kills":54,"minecraft:interact_with_crafting_table":32,"minecraft:open_barrel":186,"minecraft:bell_ring":17,"minecraft:damage_dealt_resisted":340,"minecraft:eat_cake_slice":14,"minecraft:leave_game":5,"minecraft:time_since_death":61318,"minecraft:damage_resisted":54,"minecraft:climb_one_cm":28838,"minecraft:sprint_one_cm":111865,"minecraft:walk_one_cm":974343,"minecraft:damage_blocked_by_shield":930,"minecraft:drop":75,"minecraft:talked_to_villager":1,"minecraft:play_time":185539,"minecraft:deaths":1,"minecraft:sneak_time":4944,"minecraft:walk_under_water_one_cm":24263,"minecraft:interact_with_brewingstand":6,"minecraft:jump":1856,"minecraft:interact_with_blast_furnace":14,"minecraft:walk_on_water_one_cm":14673,"minecraft:total_world_time":185539,"minecraft:interact_with_furnace":9,"minecraft:sleep_in_bed":3,"minecraft:time_since_rest":34602,"minecraft:damage_taken":2634,"minecraft:damage_dealt":12112,"minecraft:swim_one_cm":15245,"minecraft:open_chest":22,"minecraft:fly_one_cm":230062,"minecraft:crouch_one_cm":12913,"minecraft:fall_one_cm":29283},"minecraft:crafted":{"minecraft:oak_door":3,"minecraft:oak_planks":52,"minecraft:barrel":3,"minecraft:spruce_stairs":4,"minecraft:iron_axe":2,"minecraft:ladder":3,"minecraft:stone_pickaxe":2,"minecraft:oak_slab":48,"minecraft:wooden_pickaxe":2,"minecraft:iron_sword":1,"minecraft:copper_ingot":37,"minecraft:mangrove_planks":12,"minecraft:birch_planks":24,"minecraft:shield":4,"minecraft:stick":28,"minecraft:light_blue_dye":1,"minecraft:iron_pickaxe":2,"minecraft:iron_block":2,"minecraft:stone_sword":2,"minecraft:iron_shovel":1,"minecraft:gold_ingot":1,"laendli_transport:vehicle_part_propeller":1},"minecraft:used":{"minecraft:iron_shovel":229,"minecraft:stone_sword":1,"minecraft:ladder":3,"minecraft:shield":21,"minecraft:iron_sword":127,"minecraft:smooth_sandstone_stairs":2,"minecraft:rotten_flesh":1,"minecraft:oak_door":3,"minecraft:torch":5,"minecraft:brewing_stand":1,"minecraft:dirt":15,"minecraft:spruce_stairs":12,"minecraft:carrot":5,"minecraft:spruce_fence":1,"friendsandfoes:totem_of_illusion":2,"minecraft:iron_axe":253,"minecraft:barrel":3,"minecraft:golden_carrot":2,"minecraft:furnace":2,"minecraft:stone_pressure_plate":1,"minecraft:dark_oak_stairs":1,"minecraft:damaged_anvil":1,"minecraft:birch_planks":5,"minecraft:bundle":2,"minecraft:mangrove_planks":7,"minecraft:stone_pickaxe":103,"minecraft:oak_planks":14,"minecraft:cartography_table":1,"minecraft:wooden_pickaxe":11,"minecraft:sugar_cane":15,"minecraft:blue_bed":1,"minecraft:leather_boots":1,"minecraft:sand":3,"minecraft:oak_slab":43,"minecraft:loom":1,"minecraft:mushroom_stew":3,"minecraft:blast_furnace":5,"minecraft:cake":2,"minecraft:dark_prismarine":1,"minecraft:bread":30,"minecraft:iron_pickaxe":55,"minecraft:cobblestone":5,"minecraft:potion":5,"minecraft:smithing_table":1,"minecraft:cooked_porkchop":1,"minecraft:waxed_cut_copper_stairs":6,"alexsmobs:animal_dictionary":3,"minecraft:stripped_oak_log":10},"minecraft:picked_up":{"minecraft:seagrass":5,"minecraft:charcoal":4,"minecraft:ladder":1,"minecraft:flower_pot":1,"minecraft:smithing_table":1,"friendsandfoes:totem_of_illusion":3,"minecraft:wither_rose":1,"minecraft:potion":5,"minecraft:chain":1,"minecraft:brewing_stand":2,"minecraft:shield":1,"minecraft:string":20,"minecraft:raw_copper":3,"minecraft:iron_axe":1,"minecraft:white_carpet":18,"minecraft:iron_shovel":1,"minecraft:cyan_carpet":5,"minecraft:blue_orchid":1,"minecraft:beetroot":1,"minecraft:cartography_table":1,"minecraft:spruce_planks":9,"minecraft:rose_bush":1,"minecraft:calcite":6,"minecraft:spruce_slab":7,"minecraft:lectern":1,"minecraft:coal_block":3,"minecraft:sugar_cane":17,"minecraft:spruce_trapdoor":6,"minecraft:furnace":2,"minecraft:sandstone":1,"minecraft:tipped_arrow":2,"minecraft:stick":11,"minecraft:raw_iron":2,"minecraft:stripped_mangrove_wood":3,"born_in_chaos_v1:shattered_skull":2,"minecraft:jukebox":1,"minecraft:composter":4,"minecraft:torch":5,"minecraft:spruce_stairs":20,"minecraft:spruce_fence":9,"minecraft:porkchop":10,"minecraft:cake":1,"born_in_chaos_v1:nightmare_claw":2,"minecraft:carrot":6,"minecraft:stone_pressure_plate":2,"minecraft:dark_oak_planks":4,"minecraft:brown_carpet":6,"minecraft:waxed_cut_copper_stairs":26,"minecraft:yellow_banner":1,"minecraft:arrow":4,"minecraft:weeping_vines":1,"minecraft:rotten_flesh":47,"minecraft:hay_block":4,"minecraft:iron_block":2,"minecraft:waxed_cut_copper":26,"minecraft:skeleton_skull":1,"minecraft:snowball":63,"minecraft:bone_block":1,"minecraft:cobblestone":16,"minecraft:stripped_oak_log":35,"minecraft:birch_log":6,"born_in_chaos_v1:corpse_maggot":21,"minecraft:leather_chestplate":3,"born_in_chaos_v1:monster_flesh":13,"born_in_chaos_v1:spiritual_dust":2,"minecraft:golden_leggings":1,"minecraft:smooth_sandstone_stairs":2,"minecraft:chainmail_chestplate":1,"minecraft:waxed_copper_block":39,"minecraft:gunpowder":11,"minecraft:cobblestone_stairs":3,"minecraft:blue_bed":2,"minecraft:dirt":62,"minecraft:white_banner":2,"born_in_chaos_v1:monster_skin":6,"minecraft:bone":9,"minecraft:raw_gold":2,"minecraft:rabbit_hide":1,"minecraft:iron_ingot":2,"minecraft:glass_bottle":5,"minecraft:iron_sword":1,"minecraft:oak_planks":25,"minecraft:dark_oak_stairs":1,"minecraft:book":286,"minecraft:oak_slab":1,"irons_spellbooks:frozen_bone":7,"minecraft:cooked_porkchop":2,"born_in_chaos_v1:ethereal_spirit":2,"minecraft:sand":170,"minecraft:red_banner":1,"minecraft:blast_furnace":5,"minecraft:loom":1,"minecraft:spider_eye":2,"minecraft:mossy_cobblestone":3,"minecraft:dark_prismarine":1,"minecraft:bundle":1,"born_in_chaos_v1:fire_dust":1,"minecraft:chainmail_leggings":2,"minecraft:iron_helmet":1,"minecraft:painting":2,"minecraft:chainmail_helmet":2,"minecraft:emerald":5,"minecraft:bread":41,"minecraft:light_gray_carpet":3,"minecraft:damaged_anvil":1,"minecraft:coal":6},"minecraft:mined":{"minecraft:dark_oak_planks":4,"minecraft:dark_prismarine":1,"minecraft:spruce_planks":9,"minecraft:yellow_wall_banner":1,"minecraft:mossy_cobblestone":4,"minecraft:cobblestone_stairs":4,"minecraft:brewing_stand":1,"minecraft:spruce_trapdoor":6,"minecraft:ladder":1,"minecraft:spruce_fence":9,"minecraft:grass_block":17,"minecraft:coal_block":3,"minecraft:spruce_leaves":13,"minecraft:composter":2,"minecraft:cartography_table":1,"minecraft:sandstone":1,"minecraft:spawner":6,"minecraft:hay_block":5,"minecraft:weeping_vines_plant":1,"minecraft:furnace":2,"minecraft:iron_ore":2,"minecraft:fire":1,"minecraft:snow":20,"minecraft:dark_oak_stairs":1,"minecraft:bookshelf":76,"minecraft:stripped_oak_log":23,"minecraft:packed_ice":2,"minecraft:smooth_sandstone_stairs":2,"minecraft:stripped_mangrove_wood":4,"minecraft:stone":11,"minecraft:white_banner":1,"minecraft:bone_block":1,"minecraft:spruce_slab":7,"minecraft:waxed_cut_copper_stairs":27,"minecraft:waxed_cut_copper":27,"minecraft:smithing_table":1,"minecraft:oak_slab":1,"minecraft:light_gray_carpet":3,"minecraft:snow_block":1,"minecraft:blast_furnace":5,"minecraft:calcite":5,"minecraft:rose_bush":1,"minecraft:campfire":2,"minecraft:lectern":1,"minecraft:cobblestone":5,"minecraft:damaged_anvil":1,"minecraft:oak_planks":2,"minecraft:grindstone":1,"minecraft:sugar_cane":5,"minecraft:blue_bed":1,"minecraft:wall_torch":5,"minecraft:deepslate_copper_ore":1,"minecraft:spruce_stairs":20,"minecraft:black_stained_glass":2,"minecraft:birch_log":6,"minecraft:ice":23,"minecraft:jukebox":1,"minecraft:white_carpet":9,"minecraft:waxed_copper_block":39,"minecraft:red_wall_banner":1,"minecraft:grass":1,"minecraft:cyan_carpet":2,"minecraft:loom":1,"minecraft:dirt":32,"minecraft:sand":173,"minecraft:cobweb":14,"minecraft:gold_ore":1,"minecraft:fern":1},"minecraft:killed_by":{"minecraft:vex":1},"minecraft:broken":{"minecraft:iron_axe":1,"minecraft:leather_boots":1}},"DataVersion":3465}