{"stats":{"minecraft:used":{"minecraft:iron_shovel":459,"minecraft:ladder":36,"minecraft:chest":1,"minecraft:shield":23,"minecraft:iron_sword":128,"minecraft:smooth_sandstone_stairs":16,"minecraft:rotten_flesh":1,"immersiveengineering:craftingtable":1,"minecraft:carrot":14,"immersiveengineering:cokebrick":92,"friendsandfoes:totem_of_illusion":2,"minecraft:lantern":1,"minecraft:stone_bricks":1,"minecraft:furnace":3,"minecraft:dark_oak_stairs":1,"minecraft:damaged_anvil":1,"minecraft:spruce_door":7,"immersiveengineering:jerrycan":2,"minecraft:stone_pickaxe":103,"minecraft:mangrove_planks":7,"minecraft:oak_planks":36,"minecraft:wooden_pickaxe":11,"minecraft:sandstone":3,"minecraft:blue_bed":1,"minecraft:sugar_cane":37,"minecraft:sand":59,"minecraft:loom":1,"minecraft:mushroom_stew":3,"minecraft:blast_furnace":5,"immersiveengineering:hammer":6,"minecraft:bread":30,"minecraft:gravel":5,"minecraft:smithing_table":1,"minecraft:andesite":1,"minecraft:chain":1,"minecraft:waxed_cut_copper_stairs":6,"minecraft:oak_boat":1,"minecraft:bone_meal":27,"minecraft:stone_sword":1,"minecraft:spruce_planks":3,"minecraft:oak_door":6,"minecraft:torch":21,"minecraft:dirt":41,"minecraft:brewing_stand":2,"immersiveengineering:creosote_bucket":1,"minecraft:spruce_stairs":23,"minecraft:spruce_fence":17,"immersiveengineering:workbench":1,"minecraft:iron_axe":681,"minecraft:oak_stairs":13,"minecraft:smooth_sandstone":16,"minecraft:barrel":7,"minecraft:golden_carrot":2,"immersiveengineering:crate":18,"immersiveengineering:alloybrick":8,"minecraft:stone_pressure_plate":1,"minecraft:birch_planks":7,"minecraft:bundle":2,"minecraft:cartography_table":1,"minecraft:leather_boots":1,"minecraft:oak_slab":45,"minecraft:crafting_table":2,"minecraft:cake":5,"minecraft:spruce_log":6,"minecraft:dark_prismarine":1,"minecraft:apple":3,"minecraft:iron_pickaxe":354,"minecraft:suspicious_stew":1,"minecraft:spruce_trapdoor":8,"minecraft:spruce_sapling":6,"minecraft:cobblestone":10,"minecraft:potion":5,"minecraft:cooked_porkchop":1,"minecraft:bucket":2,"alexsmobs:animal_dictionary":3,"minecraft:stripped_oak_log":10},"minecraft:mined":{"minecraft:dark_oak_planks":7,"minecraft:spruce_planks":114,"minecraft:cobblestone_stairs":4,"minecraft:brewing_stand":2,"minecraft:spruce_trapdoor":15,"minecraft:grass_block":17,"minecraft:coal_block":3,"minecraft:composter":2,"minecraft:spawner":6,"minecraft:weeping_vines_plant":1,"minecraft:iron_ore":2,"minecraft:fire":1,"minecraft:barrel":1,"minecraft:dark_oak_stairs":1,"minecraft:oak_stairs":10,"minecraft:smooth_sandstone_stairs":16,"minecraft:white_banner":1,"minecraft:stripped_mangrove_wood":4,"minecraft:spruce_slab":15,"minecraft:waxed_cut_copper":27,"minecraft:waxed_cut_copper_stairs":27,"minecraft:clay":101,"minecraft:blast_furnace":5,"minecraft:calcite":5,"minecraft:chest":1,"minecraft:cobblestone":7,"minecraft:grindstone":1,"minecraft:sugar_cane":55,"minecraft:oak_planks":74,"minecraft:damaged_anvil":1,"minecraft:smooth_sandstone_slab":2,"minecraft:wall_torch":11,"minecraft:deepslate_copper_ore":1,"minecraft:chain":1,"immersiveengineering:cokebrick":37,"minecraft:birch_log":6,"minecraft:jukebox":1,"minecraft:waxed_copper_block":39,"minecraft:grass":1,"minecraft:loom":1,"minecraft:sand":289,"minecraft:dirt":45,"minecraft:dark_prismarine":1,"minecraft:yellow_wall_banner":1,"minecraft:mossy_cobblestone":4,"minecraft:oak_door":2,"minecraft:ladder":1,"minecraft:spruce_fence":13,"immersiveengineering:coke_oven":1,"minecraft:spruce_leaves":27,"minecraft:cartography_table":1,"minecraft:sandstone":92,"minecraft:hay_block":5,"minecraft:furnace":3,"minecraft:snow":22,"minecraft:andesite":1,"minecraft:bookshelf":76,"minecraft:lantern":1,"minecraft:stripped_oak_log":30,"minecraft:packed_ice":2,"minecraft:stone":99,"minecraft:bone_block":1,"immersiveengineering:ore_aluminum":7,"minecraft:smithing_table":1,"minecraft:oak_slab":4,"minecraft:light_gray_carpet":3,"minecraft:snow_block":1,"minecraft:spruce_door":5,"minecraft:oak_fence":8,"minecraft:smooth_sandstone":8,"minecraft:crafting_table":3,"minecraft:rose_bush":1,"minecraft:lectern":1,"minecraft:campfire":2,"minecraft:copper_ore":8,"minecraft:blue_bed":1,"minecraft:spruce_stairs":107,"minecraft:black_stained_glass":2,"minecraft:birch_planks":2,"minecraft:ice":29,"minecraft:white_carpet":9,"minecraft:spruce_log":45,"minecraft:red_wall_banner":1,"minecraft:coal_ore":31,"minecraft:gravel":10,"minecraft:cyan_carpet":2,"minecraft:cobweb":14,"minecraft:stone_bricks":2,"minecraft:gold_ore":1,"immersiveengineering:crate":11,"minecraft:fern":1},"minecraft:crafted":{"minecraft:brick":119,"minecraft:oak_planks":80,"immersiveengineering:hammer":1,"minecraft:barrel":6,"immersiveengineering:manual":1,"minecraft:lever":1,"immersiveengineering:workbench":1,"immersiveengineering:treated_wood_horizontal":216,"minecraft:oak_slab":54,"minecraft:crafting_table":1,"minecraft:spruce_planks":156,"minecraft:wooden_pickaxe":2,"immersiveengineering:slab_treated_wood_horizontal":12,"minecraft:spruce_door":3,"minecraft:copper_ingot":37,"immersiveengineering:cokebrick":81,"minecraft:birch_planks":24,"minecraft:shield":4,"minecraft:stick":104,"minecraft:light_blue_dye":1,"minecraft:iron_ingot":20,"minecraft:iron_pickaxe":3,"minecraft:iron_block":2,"minecraft:stone_sword":2,"minecraft:gold_ingot":1,"minecraft:sandstone":12,"immersiveengineering:stick_treated":12,"minecraft:oak_door":6,"immersiveengineering:crate":7,"minecraft:bone_meal":30,"minecraft:spruce_fence":12,"minecraft:spruce_stairs":4,"minecraft:iron_axe":4,"minecraft:ladder":30,"minecraft:stone_pickaxe":2,"immersiveengineering:treated_fence":3,"minecraft:coal_block":5,"minecraft:iron_sword":1,"minecraft:smooth_sandstone":18,"minecraft:mangrove_planks":20,"minecraft:bucket":5,"minecraft:oak_boat":1,"immersiveengineering:alloybrick":8,"minecraft:oak_stairs":12,"minecraft:iron_shovel":2,"immersiveengineering:jerrycan":1,"immersiveengineering:plate_iron":4,"minecraft:torch":16,"laendli_transport:vehicle_part_propeller":1,"immersiveengineering:craftingtable":2},"minecraft:picked_up":{"minecraft:seagrass":5,"minecraft:wheat":1,"minecraft:flower_pot":1,"minecraft:smithing_table":1,"minecraft:oak_stairs":10,"minecraft:wither_rose":1,"minecraft:potion":5,"minecraft:brewing_stand":3,"minecraft:string":20,"minecraft:raw_copper":31,"immersiveengineering:jerrycan":1,"minecraft:beetroot":1,"minecraft:bucket":1,"minecraft:spruce_planks":110,"minecraft:rose_bush":1,"minecraft:calcite":6,"minecraft:coal_block":3,"minecraft:furnace":3,"minecraft:tipped_arrow":2,"minecraft:stick":24,"born_in_chaos_v1:shattered_skull":2,"minecraft:jukebox":1,"minecraft:composter":4,"minecraft:oak_fence":8,"minecraft:torch":15,"immersiveengineering:coke":1,"minecraft:spruce_stairs":107,"minecraft:porkchop":10,"born_in_chaos_v1:nightmare_claw":2,"minecraft:brown_carpet":6,"minecraft:waxed_cut_copper_stairs":26,"minecraft:yellow_banner":1,"minecraft:rotten_flesh":50,"minecraft:iron_block":2,"minecraft:waxed_cut_copper":26,"minecraft:snowball":65,"minecraft:cobblestone":106,"minecraft:birch_log":6,"minecraft:leather_chestplate":3,"born_in_chaos_v1:spiritual_dust":2,"minecraft:andesite":1,"minecraft:golden_leggings":1,"minecraft:flint":3,"minecraft:smooth_sandstone_stairs":16,"minecraft:dirt":74,"minecraft:lantern":1,"born_in_chaos_v1:monster_skin":6,"minecraft:bone":10,"minecraft:raw_gold":2,"minecraft:oak_planks":97,"minecraft:cooked_porkchop":2,"irons_spellbooks:frozen_bone":10,"immersiveengineering:raw_aluminum":7,"minecraft:sand":286,"minecraft:loom":1,"minecraft:barrel":1,"minecraft:mossy_cobblestone":3,"minecraft:dark_prismarine":1,"minecraft:bundle":1,"born_in_chaos_v1:fire_dust":1,"minecraft:bone_meal":1,"minecraft:emerald":5,"minecraft:chainmail_helmet":2,"minecraft:bread":41,"minecraft:light_gray_carpet":3,"born_in_chaos_v1:rotten_fish":3,"minecraft:crafting_table":3,"minecraft:charcoal":4,"minecraft:ladder":9,"minecraft:clay_ball":400,"friendsandfoes:totem_of_illusion":3,"minecraft:chain":2,"minecraft:shield":1,"immersiveengineering:manual":1,"minecraft:iron_axe":1,"minecraft:white_carpet":18,"minecraft:iron_shovel":1,"minecraft:cyan_carpet":5,"minecraft:blue_orchid":1,"minecraft:cartography_table":1,"immersiveengineering:crate":11,"minecraft:chest":1,"minecraft:spruce_slab":20,"minecraft:lectern":1,"minecraft:sugar_cane":90,"minecraft:spruce_trapdoor":15,"minecraft:raw_iron":2,"minecraft:sandstone":92,"minecraft:stripped_mangrove_wood":3,"minecraft:oak_door":4,"minecraft:spruce_fence":13,"minecraft:cake":1,"minecraft:carrot":6,"minecraft:stone_pressure_plate":2,"minecraft:dark_oak_planks":7,"minecraft:smooth_sandstone_slab":2,"minecraft:arrow":4,"minecraft:weeping_vines":1,"minecraft:hay_block":4,"minecraft:skeleton_skull":1,"minecraft:bone_block":1,"minecraft:stripped_oak_log":42,"born_in_chaos_v1:corpse_maggot":23,"born_in_chaos_v1:monster_flesh":13,"minecraft:birch_planks":2,"minecraft:chainmail_chestplate":1,"minecraft:waxed_copper_block":39,"minecraft:gunpowder":11,"minecraft:cobblestone_stairs":3,"minecraft:blue_bed":2,"minecraft:white_banner":2,"minecraft:smooth_sandstone":8,"immersiveengineering:cokebrick":38,"minecraft:apple":3,"minecraft:stone_bricks":2,"minecraft:rabbit_hide":1,"minecraft:iron_ingot":2,"minecraft:glass_bottle":5,"minecraft:iron_sword":1,"minecraft:dark_oak_stairs":1,"minecraft:book":286,"minecraft:oak_slab":4,"born_in_chaos_v1:ethereal_spirit":2,"minecraft:gravel":7,"minecraft:spruce_sapling":11,"minecraft:red_banner":1,"minecraft:blast_furnace":5,"minecraft:spruce_log":45,"minecraft:spruce_door":7,"minecraft:spider_eye":2,"minecraft:chainmail_leggings":2,"minecraft:iron_helmet":1,"minecraft:painting":2,"minecraft:damaged_anvil":1,"minecraft:coal":37},"minecraft:custom":{"minecraft:interact_with_crafting_table":103,"minecraft:open_barrel":335,"minecraft:bell_ring":17,"minecraft:eat_cake_slice":35,"minecraft:leave_game":9,"minecraft:time_since_death":251112,"minecraft:damage_resisted":54,"minecraft:sprint_one_cm":155368,"minecraft:damage_blocked_by_shield":1000,"minecraft:drop":79,"minecraft:talked_to_villager":1,"minecraft:play_time":375333,"minecraft:deaths":1,"minecraft:jump":2956,"minecraft:interact_with_brewingstand":7,"minecraft:walk_on_water_one_cm":29674,"minecraft:interact_with_furnace":64,"minecraft:sleep_in_bed":12,"minecraft:damage_dealt":13980,"minecraft:crouch_one_cm":40902,"minecraft:interact_with_smithing_table":5,"minecraft:mob_kills":67,"minecraft:interact_with_anvil":1,"minecraft:damage_dealt_resisted":340,"minecraft:climb_one_cm":77401,"minecraft:walk_one_cm":1633822,"minecraft:sneak_time":14243,"minecraft:walk_under_water_one_cm":80591,"minecraft:boat_one_cm":16740,"minecraft:interact_with_blast_furnace":21,"minecraft:total_world_time":375333,"minecraft:time_since_rest":28865,"minecraft:damage_taken":3287,"minecraft:swim_one_cm":26030,"minecraft:fly_one_cm":391436,"minecraft:open_chest":32,"minecraft:fall_one_cm":40960},"minecraft:killed":{"minecraft:cave_spider":1,"born_in_chaos_v1:restless_spirit":1,"minecraft:spider":5,"realmrpg_demons:chort":1,"minecraft:illusioner":1,"born_in_chaos_v1:firelight_not_despawn":2,"minecraft:pillager":1,"minecraft:zombie":9,"born_in_chaos_v1:dread_hound":2,"born_in_chaos_v1:corpse_fly":5,"minecraft:stray":2,"minecraft:vex":1,"born_in_chaos_v1:zombie_bruiser":1,"born_in_chaos_v1:maggot":9,"born_in_chaos_v1:corpse_fish":4,"minecraft:husk":15,"born_in_chaos_v1:swarmer":1,"born_in_chaos_v1:decrepit_skeleton":1,"born_in_chaos_v1:nightmare_stalker":1},"minecraft:broken":{"minecraft:iron_shovel":1,"minecraft:iron_axe":3,"minecraft:leather_boots":1,"minecraft:iron_pickaxe":1},"minecraft:killed_by":{"minecraft:vex":1},"minecraft:dropped":{"minecraft:porkchop":5,"minecraft:glass_bottle":5,"minecraft:cooked_porkchop":1,"born_in_chaos_v1:nightmare_claw":1,"friendsandfoes:totem_of_illusion":1,"born_in_chaos_v1:monster_flesh":10,"minecraft:dirt":23,"born_in_chaos_v1:monster_skin":3,"minecraft:pumpkin_pie":3,"minecraft:gold_ingot":6,"minecraft:sugar_cane":1,"born_in_chaos_v1:ethereal_spirit":1,"minecraft:beetroot":1,"minecraft:rotten_flesh":1,"minecraft:carrot":5,"minecraft:rabbit_hide":1,"minecraft:leather_chestplate":1,"minecraft:tipped_arrow":1,"minecraft:gunpowder":11,"minecraft:charcoal":4,"immersiveengineering:manual":1,"born_in_chaos_v1:corpse_maggot":5,"minecraft:ladder":1,"minecraft:arrow":4,"minecraft:bread":6,"born_in_chaos_v1:shattered_skull":1,"minecraft:cobblestone":1,"minecraft:apple":5,"minecraft:chainmail_helmet":2,"minecraft:coal":10,"minecraft:coal_block":3,"minecraft:stick":2,"minecraft:iron_block":2,"minecraft:brewing_stand":1,"minecraft:rabbit":1,"minecraft:rose_bush":2,"minecraft:wither_rose":1,"minecraft:white_banner":1,"irons_spellbooks:frozen_bone":3,"minecraft:bucket":2,"minecraft:stone_sword":1,"minecraft:bowl":3,"minecraft:composter":2,"minecraft:white_carpet":9,"immersiveengineering:jerrycan":1,"born_in_chaos_v1:spiritual_dust":2,"minecraft:hay_block":4,"minecraft:shield":1,"minecraft:cake":1,"minecraft:stone_pressure_plate":1,"minecraft:spider_eye":1,"minecraft:brown_carpet":6,"minecraft:bow":1,"minecraft:wooden_pickaxe":1,"minecraft:raw_gold":1,"minecraft:calcite":6}},"DataVersion":3465}