{"stats":{"minecraft:killed":{"minecraft:husk":15,"born_in_chaos_v1:decrepit_skeleton":1,"born_in_chaos_v1:maggot":2,"minecraft:pillager":1,"minecraft:zombie":9,"born_in_chaos_v1:corpse_fly":3,"minecraft:illusioner":1,"born_in_chaos_v1:firelight_not_despawn":2},"minecraft:dropped":{"minecraft:bread":6,"minecraft:stone_sword":1,"minecraft:bowl":3,"minecraft:cooked_porkchop":1,"minecraft:rotten_flesh":1,"minecraft:apple":5,"friendsandfoes:totem_of_illusion":1,"minecraft:dirt":6,"minecraft:hay_block":4,"minecraft:shield":1,"born_in_chaos_v1:corpse_maggot":1,"minecraft:cake":1,"minecraft:ladder":1,"minecraft:stone_pressure_plate":1,"minecraft:pumpkin_pie":3,"minecraft:brown_carpet":6,"minecraft:arrow":3,"minecraft:calcite":6},"minecraft:custom":{"minecraft:interact_with_furnace":2,"minecraft:mob_kills":38,"minecraft:interact_with_crafting_table":10,"minecraft:open_barrel":24,"minecraft:eat_cake_slice":5,"minecraft:leave_game":4,"minecraft:time_since_death":88172,"minecraft:sleep_in_bed":1,"minecraft:climb_one_cm":25498,"minecraft:damage_resisted":54,"minecraft:time_since_rest":38210,"minecraft:sprint_one_cm":59607,"minecraft:damage_taken":1718,"minecraft:damage_blocked_by_shield":855,"minecraft:walk_one_cm":459536,"minecraft:drop":28,"minecraft:damage_dealt":8941,"minecraft:swim_one_cm":6962,"minecraft:fly_one_cm":134346,"minecraft:open_chest":11,"minecraft:crouch_one_cm":1924,"minecraft:play_time":88172,"minecraft:sneak_time":474,"minecraft:walk_under_water_one_cm":15186,"minecraft:interact_with_brewingstand":3,"minecraft:jump":959,"minecraft:interact_with_blast_furnace":3,"minecraft:walk_on_water_one_cm":11819,"minecraft:total_world_time":88172,"minecraft:fall_one_cm":17493},"minecraft:crafted":{"minecraft:wooden_pickaxe":1,"minecraft:iron_sword":1,"minecraft:mangrove_planks":12,"minecraft:birch_planks":24,"minecraft:shield":4,"minecraft:iron_axe":1,"minecraft:stick":8,"minecraft:iron_pickaxe":1,"minecraft:stone_pickaxe":1,"minecraft:stone_sword":2},"minecraft:used":{"minecraft:stone_sword":1,"minecraft:birch_planks":5,"minecraft:stone_pickaxe":3,"minecraft:mangrove_planks":7,"minecraft:wooden_pickaxe":7,"minecraft:shield":19,"minecraft:iron_sword":69,"minecraft:leather_boots":1,"minecraft:rotten_flesh":1,"minecraft:dirt":13,"minecraft:mushroom_stew":3,"minecraft:carrot":2,"minecraft:spruce_fence":1,"minecraft:dark_prismarine":1,"friendsandfoes:totem_of_illusion":1,"minecraft:bread":19,"minecraft:iron_axe":139,"minecraft:iron_pickaxe":36,"minecraft:golden_carrot":2,"minecraft:potion":5,"minecraft:cooked_porkchop":1,"alexsmobs:animal_dictionary":1,"minecraft:stone_pressure_plate":1},"minecraft:picked_up":{"minecraft:birch_log":6,"born_in_chaos_v1:corpse_maggot":13,"minecraft:charcoal":4,"minecraft:leather_chestplate":2,"born_in_chaos_v1:monster_flesh":3,"minecraft:ladder":1,"minecraft:flower_pot":1,"minecraft:smithing_table":1,"minecraft:golden_leggings":1,"friendsandfoes:totem_of_illusion":3,"minecraft:potion":5,"minecraft:wither_rose":1,"minecraft:brewing_stand":1,"minecraft:string":14,"minecraft:dirt":21,"minecraft:white_banner":1,"born_in_chaos_v1:monster_skin":1,"minecraft:bone":8,"minecraft:cyan_carpet":5,"minecraft:beetroot":1,"minecraft:cartography_table":1,"minecraft:raw_gold":1,"minecraft:iron_ingot":2,"minecraft:calcite":6,"minecraft:lectern":1,"minecraft:sugar_cane":13,"minecraft:coal_block":3,"minecraft:book":138,"born_in_chaos_v1:shattered_skull":1,"minecraft:stick":4,"minecraft:stripped_mangrove_wood":3,"minecraft:cooked_porkchop":2,"minecraft:jukebox":1,"minecraft:spruce_fence":1,"minecraft:porkchop":5,"minecraft:cake":1,"minecraft:red_banner":1,"minecraft:carrot":1,"minecraft:blast_furnace":5,"minecraft:loom":1,"minecraft:stone_pressure_plate":2,"minecraft:brown_carpet":6,"minecraft:dark_prismarine":1,"minecraft:yellow_banner":1,"minecraft:arrow":3,"minecraft:rotten_flesh":44,"born_in_chaos_v1:fire_dust":1,"minecraft:chainmail_leggings":1,"minecraft:hay_block":4,"minecraft:painting":2,"minecraft:emerald":5,"minecraft:bread":41,"minecraft:chainmail_helmet":1,"minecraft:damaged_anvil":1,"minecraft:skeleton_skull":1,"minecraft:bone_block":1,"minecraft:cobblestone":7},"minecraft:mined":{"minecraft:smithing_table":1,"minecraft:dark_prismarine":1,"minecraft:yellow_wall_banner":1,"minecraft:mossy_cobblestone":1,"minecraft:cobblestone_stairs":1,"minecraft:brewing_stand":1,"minecraft:ladder":1,"minecraft:blast_furnace":5,"minecraft:grass_block":6,"minecraft:calcite":5,"minecraft:spruce_fence":1,"minecraft:lectern":1,"minecraft:campfire":2,"minecraft:coal_block":3,"minecraft:spruce_leaves":8,"minecraft:sugar_cane":3,"minecraft:cartography_table":1,"minecraft:damaged_anvil":1,"minecraft:spawner":4,"minecraft:hay_block":5,"minecraft:birch_log":6,"minecraft:fire":1,"minecraft:ice":13,"minecraft:jukebox":1,"minecraft:red_wall_banner":1,"minecraft:bookshelf":46,"minecraft:loom":1,"minecraft:cyan_carpet":2,"minecraft:packed_ice":2,"minecraft:dirt":9,"minecraft:cobweb":13,"minecraft:white_banner":1,"minecraft:stone":7,"minecraft:stripped_mangrove_wood":4,"minecraft:bone_block":1,"minecraft:gold_ore":1,"minecraft:fern":1},"minecraft:broken":{"minecraft:leather_boots":1}},"DataVersion":3465}