{"stats":{"minecraft:killed":{"minecraft:husk":3,"born_in_chaos_v1:maggot":1,"born_in_chaos_v1:corpse_fly":3},"minecraft:dropped":{"minecraft:bread":6,"minecraft:stone_sword":1,"minecraft:bowl":2,"minecraft:cooked_porkchop":1,"minecraft:apple":5,"minecraft:dirt":6,"minecraft:hay_block":4,"minecraft:shield":1,"born_in_chaos_v1:corpse_maggot":1,"minecraft:cake":1,"minecraft:stone_pressure_plate":1,"minecraft:pumpkin_pie":3},"minecraft:custom":{"minecraft:interact_with_furnace":1,"minecraft:mob_kills":7,"minecraft:interact_with_crafting_table":7,"minecraft:open_barrel":20,"minecraft:eat_cake_slice":5,"minecraft:leave_game":3,"minecraft:time_since_death":37065,"minecraft:climb_one_cm":1496,"minecraft:time_since_rest":37065,"minecraft:sprint_one_cm":6243,"minecraft:damage_taken":475,"minecraft:walk_one_cm":192823,"minecraft:drop":18,"minecraft:damage_dealt":1186,"minecraft:swim_one_cm":3931,"minecraft:fly_one_cm":3791,"minecraft:open_chest":4,"minecraft:crouch_one_cm":14,"minecraft:play_time":37065,"minecraft:sneak_time":194,"minecraft:walk_under_water_one_cm":3666,"minecraft:jump":222,"minecraft:interact_with_blast_furnace":3,"minecraft:walk_on_water_one_cm":3874,"minecraft:total_world_time":37065,"minecraft:fall_one_cm":2976},"minecraft:crafted":{"minecraft:wooden_pickaxe":1,"minecraft:birch_planks":24,"minecraft:shield":4,"minecraft:iron_axe":1,"minecraft:stick":8,"minecraft:iron_pickaxe":1,"minecraft:stone_pickaxe":1,"minecraft:stone_sword":2},"minecraft:used":{"minecraft:stone_sword":1,"minecraft:birch_planks":5,"minecraft:stone_pickaxe":3,"minecraft:wooden_pickaxe":7,"minecraft:leather_boots":1,"minecraft:rotten_flesh":1,"minecraft:dirt":13,"minecraft:mushroom_stew":2,"minecraft:carrot":2,"minecraft:spruce_fence":1,"minecraft:dark_prismarine":1,"minecraft:iron_axe":79,"minecraft:bread":2,"minecraft:iron_pickaxe":12,"minecraft:cooked_porkchop":1,"alexsmobs:animal_dictionary":1},"minecraft:mined":{"minecraft:smithing_table":1,"minecraft:dark_prismarine":1,"minecraft:yellow_wall_banner":1,"minecraft:blast_furnace":5,"minecraft:grass_block":5,"minecraft:spruce_fence":1,"minecraft:campfire":1,"minecraft:lectern":1,"minecraft:coal_block":3,"minecraft:spruce_leaves":8,"minecraft:damaged_anvil":1,"minecraft:cartography_table":1,"minecraft:spawner":3,"minecraft:hay_block":5,"minecraft:birch_log":6,"minecraft:jukebox":1,"minecraft:red_wall_banner":1,"minecraft:bookshelf":46,"minecraft:cyan_carpet":2,"minecraft:loom":1,"minecraft:dirt":8,"minecraft:stone":7,"minecraft:white_banner":1,"minecraft:gold_ore":1},"minecraft:picked_up":{"minecraft:birch_log":6,"minecraft:charcoal":2,"born_in_chaos_v1:corpse_maggot":7,"minecraft:leather_chestplate":2,"minecraft:flower_pot":1,"minecraft:smithing_table":1,"minecraft:golden_leggings":1,"minecraft:potion":2,"minecraft:wither_rose":1,"minecraft:dirt":19,"minecraft:white_banner":1,"minecraft:cyan_carpet":5,"minecraft:beetroot":1,"minecraft:cartography_table":1,"minecraft:raw_gold":1,"minecraft:lectern":1,"minecraft:coal_block":3,"minecraft:book":138,"minecraft:stick":2,"minecraft:cooked_porkchop":2,"minecraft:jukebox":1,"minecraft:spruce_fence":1,"minecraft:cake":1,"minecraft:red_banner":1,"minecraft:blast_furnace":5,"minecraft:carrot":1,"minecraft:loom":1,"minecraft:stone_pressure_plate":2,"minecraft:dark_prismarine":1,"minecraft:yellow_banner":1,"minecraft:rotten_flesh":14,"minecraft:chainmail_leggings":1,"minecraft:hay_block":4,"minecraft:bread":41,"minecraft:chainmail_helmet":1,"minecraft:damaged_anvil":1,"minecraft:cobblestone":7}},"DataVersion":3465}