{"stats":{"minecraft:killed":{"minecraft:cave_spider":1,"born_in_chaos_v1:restless_spirit":5,"born_in_chaos_v1:zombie_lumberjack":4,"born_in_chaos_v1:siamese_skeletonsright":1,"minecraft:skeleton":21,"alexscaves:gammaroach":1,"minecraft:pillager":14,"minecraft:zombie":29,"born_in_chaos_v1:corpse_fly":11,"alexsmobs:raccoon":1,"minecraft:vindicator":8,"born_in_chaos_v1:barrel_zombie":1,"minecraft:husk":26,"born_in_chaos_v1:decrepit_skeleton":8,"born_in_chaos_v1:dark_vortex":1,"minecraft:spider":9,"realmrpg_demons:chort":2,"minecraft:illusioner":1,"aquamirae:golden_moth":6,"born_in_chaos_v1:firelight_not_despawn":2,"minecraft:zombie_villager":2,"irons_spellbooks:necromancer":2,"minecraft:creeper":3,"born_in_chaos_v1:zombie_fisherman":1,"born_in_chaos_v1:dread_hound":6,"minecraft:stray":3,"born_in_chaos_v1:siamese_skeletonsleft":1,"minecraft:vex":1,"irons_spellbooks:summoned_zombie":1,"born_in_chaos_v1:zombie_bruiser":2,"born_in_chaos_v1:maggot":24,"minecraft:phantom":1,"born_in_chaos_v1:corpse_fish":6,"born_in_chaos_v1:fallen_chaos_knight":1,"aquamirae:maw":1,"born_in_chaos_v1:swarmer":2,"born_in_chaos_v1:nightmare_stalker":1},"minecraft:dropped":{"minecraft:porkchop":5,"minecraft:lapis_lazuli":10,"minecraft:chorus_fruit":3,"minecraft:glass_bottle":5,"minecraft:diamond":3,"minecraft:cooked_porkchop":1,"born_in_chaos_v1:pieceofdarkmetal":7,"born_in_chaos_v1:nightmare_claw":1,"minecraft:red_mushroom":3,"friendsandfoes:totem_of_illusion":1,"minecraft:emerald":34,"born_in_chaos_v1:monster_flesh":14,"minecraft:dirt":23,"laendli_transport:recipe_book_weapons":1,"irons_spellbooks:arcane_essence":8,"minecraft:iron_pickaxe":1,"minecraft:dark_oak_planks":3,"minecraft:bone":3,"minecraft:compass":1,"minecraft:emerald_block":3,"minecraft:sugar_cane":1,"alexscaves:waste_drum":2,"minecraft:wheat":3,"minecraft:rotten_flesh":3,"laendli_transport:ammunition_shotgun":72,"immersiveengineering:raw_aluminum":16,"minecraft:tipped_arrow":3,"minecraft:charcoal":4,"minecraft:ladder":1,"aquamirae:sharp_bones":7,"minecraft:iron_ingot":2,"born_in_chaos_v1:shattered_skull":1,"minecraft:wheat_seeds":7,"minecraft:feather":4,"minecraft:cobblestone":1,"minecraft:apple":5,"minecraft:chainmail_helmet":2,"minecraft:coal":10,"minecraft:golden_apple":1,"minecraft:coal_block":5,"minecraft:rose_bush":2,"minecraft:rabbit":1,"minecraft:potion":1,"minecraft:white_banner":1,"minecraft:iron_shovel":3,"minecraft:paper":8,"minecraft:string":5,"minecraft:snow_block":2,"minecraft:stone_sword":1,"minecraft:bowl":16,"born_in_chaos_v1:rotten_fish":1,"minecraft:white_carpet":9,"minecraft:hay_block":12,"laendli_transport:shotgun":1,"minecraft:spruce_planks":8,"minecraft:stone_pressure_plate":1,"minecraft:spider_eye":4,"minecraft:brown_carpet":6,"aquamirae:pirate_pouch":5,"irons_spellbooks:iron_spell_book":1,"minecraft:bow":2,"minecraft:bell":1,"minecraft:dark_oak_sapling":2,"minecraft:leather":15,"born_in_chaos_v1:monster_skin":5,"alexscaves:cave_map":1,"minecraft:pumpkin_pie":3,"immersiveengineering:raw_lead":9,"minecraft:gold_ingot":10,"minecraft:pointed_dripstone":3,"minecraft:smooth_sandstone_stairs":1,"born_in_chaos_v1:ethereal_spirit":9,"minecraft:beetroot":1,"minecraft:carrot":8,"minecraft:rabbit_hide":1,"minecraft:leather_chestplate":1,"born_in_chaos_v1:seedof_chaos":2,"minecraft:gunpowder":11,"minecraft:skeleton_skull":1,"immersiveengineering:reinforced_crate":4,"immersiveengineering:manual":1,"born_in_chaos_v1:corpse_maggot":14,"minecraft:chest":1,"minecraft:arrow":32,"born_in_chaos_v1:dark_rod":4,"minecraft:bread":31,"minecraft:lead":1,"minecraft:copper_ingot":5,"minecraft:stick":33,"irons_spellbooks:scroll":2,"minecraft:iron_block":2,"minecraft:brewing_stand":1,"alexscaves:acidic_radrock":1,"born_in_chaos_v1:fused_bone":2,"minecraft:wither_rose":1,"minecraft:tripwire_hook":6,"minecraft:bucket":2,"irons_spellbooks:frozen_bone":3,"minecraft:redstone":2,"immersiveengineering:raw_uranium":3,"minecraft:raw_iron":10,"minecraft:composter":2,"immersiveengineering:jerrycan":1,"born_in_chaos_v1:spiritual_dust":2,"immersiveengineering:glider":1,"minecraft:shield":2,"minecraft:cake":1,"minecraft:slime_ball":1,"minecraft:spruce_log":1,"minecraft:wooden_pickaxe":1,"minecraft:raw_gold":1,"minecraft:calcite":6},"minecraft:custom":{"minecraft:interact_with_crafting_table":138,"minecraft:open_barrel":868,"minecraft:bell_ring":17,"minecraft:eat_cake_slice":61,"minecraft:leave_game":11,"minecraft:time_since_death":54184,"minecraft:damage_blocked_by_shield":3400,"minecraft:play_time":846160,"minecraft:deaths":8,"minecraft:jump":6783,"minecraft:interact_with_furnace":76,"minecraft:sleep_in_bed":14,"minecraft:damage_dealt":41723,"minecraft:interact_with_smithing_table":8,"minecraft:interact_with_anvil":2,"minecraft:sneak_time":28323,"minecraft:interact_with_lectern":6,"minecraft:interact_with_blast_furnace":72,"minecraft:total_world_time":846160,"minecraft:tune_noteblock":5,"minecraft:time_since_rest":4234,"minecraft:swim_one_cm":167520,"minecraft:fly_one_cm":1055393,"minecraft:open_chest":147,"minecraft:fall_one_cm":104401,"minecraft:damage_resisted":54,"minecraft:sprint_one_cm":600749,"minecraft:drop":219,"minecraft:talked_to_villager":1,"minecraft:interact_with_brewingstand":7,"minecraft:walk_on_water_one_cm":61287,"minecraft:interact_with_loom":3,"minecraft:crouch_one_cm":74443,"minecraft:mob_kills":217,"minecraft:damage_dealt_resisted":1768,"minecraft:climb_one_cm":130677,"minecraft:walk_one_cm":3359061,"minecraft:walk_under_water_one_cm":143077,"minecraft:boat_one_cm":73637,"minecraft:damage_taken":8882,"minecraft:aviate_one_cm":86497},"minecraft:crafted":{"immersiveengineering:hammer":1,"immersiveengineering:hemp_fabric":61,"laendli_transport:empty_catridge":24,"minecraft:chain":5,"minecraft:lever":4,"immersiveengineering:workbench":1,"immersiveengineering:reinforced_crate":4,"minecraft:diamond_helmet":1,"minecraft:diamond_leggings":1,"minecraft:cooked_porkchop":5,"minecraft:spruce_door":3,"immersiveengineering:slab_treated_wood_horizontal":12,"immersiveengineering:windmill":1,"immersiveengineering:windmill_sail":8,"minecraft:copper_ingot":117,"immersive_aircraft:propeller":2,"laendli_transport:gun_part_barrel":3,"minecraft:wooden_hoe":1,"minecraft:iron_pickaxe":4,"minecraft:iron_block":9,"minecraft:gold_ingot":1,"minecraft:sandstone":12,"laendli_transport:shotgun":1,"immersiveengineering:wirecoil_copper":24,"minecraft:iron_nugget":63,"minecraft:spyglass":1,"immersiveengineering:stick_iron":8,"minecraft:bone_meal":150,"minecraft:spruce_fence":12,"minecraft:white_carpet":3,"minecraft:spruce_stairs":4,"minecraft:ladder":48,"immersiveengineering:coil_lv":1,"minecraft:stone_pickaxe":2,"immersiveengineering:dynamo":1,"immersiveengineering:treated_fence":3,"minecraft:dark_oak_planks":84,"minecraft:coal_block":12,"minecraft:crossbow":1,"minecraft:enchanting_table":1,"fabledweaponry:maul_iron":1,"immersiveengineering:alloybrick":8,"minecraft:oak_stairs":12,"minecraft:iron_shovel":2,"immersiveengineering:jerrycan":3,"minecraft:white_bed":2,"laendli_transport:vehicle_part_propeller":1,"minecraft:brick":119,"minecraft:oak_planks":204,"minecraft:barrel":6,"immersive_aircraft:telescope":1,"immersiveengineering:plate_aluminum":3,"minecraft:dark_oak_boat":1,"immersiveengineering:coke":1,"irons_spellbooks:iron_spell_book":2,"immersiveengineering:manual":1,"immersiveengineering:coal_coke":9,"minecraft:iron_boots":1,"laendli_transport:gun_part_lock":1,"immersiveengineering:ingot_lead":9,"immersive_aircraft:hull":2,"minecraft:chest":2,"immersiveengineering:treated_wood_horizontal":372,"minecraft:copper_block":2,"immersiveengineering:ingot_aluminum":17,"minecraft:oak_slab":54,"minecraft:crafting_table":6,"minecraft:spruce_planks":184,"minecraft:wooden_pickaxe":2,"minecraft:baked_potato":4,"immersiveengineering:wire_copper":27,"immersiveengineering:cokebrick":81,"minecraft:birch_planks":32,"minecraft:shield":6,"minecraft:stick":236,"minecraft:light_blue_dye":1,"minecraft:leather_chestplate":1,"minecraft:iron_ingot":195,"minecraft:stone_sword":2,"minecraft:snow_block":3,"immersiveengineering:stick_treated":60,"immersiveengineering:plate_copper":27,"minecraft:cherry_planks":4,"minecraft:oak_door":6,"immersiveengineering:crate":15,"immersive_aircraft:sail":2,"minecraft:piston":1,"immersiveengineering:toolbox":1,"minecraft:iron_axe":5,"immersiveengineering:wirecutter":1,"immersiveengineering:stick_aluminum":8,"immersiveengineering:component_iron":1,"immersiveengineering:glider":2,"minecraft:red_dye":3,"immersive_aircraft:enhanced_propeller":1,"minecraft:iron_trapdoor":2,"immersiveengineering:windmill_blade":8,"minecraft:iron_sword":1,"minecraft:smooth_sandstone":18,"minecraft:mangrove_planks":20,"minecraft:bucket":14,"fabledweaponry:dagger_diamond":1,"minecraft:bread":19,"minecraft:acacia_boat":1,"minecraft:air":0,"laendli_transport:recipe_book_weapons":1,"minecraft:oak_boat":1,"minecraft:white_wool":7,"immersive_aircraft:gyrodyne":1,"laendli_transport:ammunition_shotgun":72,"immersiveengineering:plate_iron":24,"minecraft:acacia_planks":16,"minecraft:torch":104,"immersiveengineering:craftingtable":2},"minecraft:picked_up":{"minecraft:seagrass":5,"minecraft:iron_chestplate":1,"alexscaves:waste_drum":2,"minecraft:flower_pot":1,"minecraft:suspicious_stew":8,"irons_spellbooks:affinity_ring":2,"minecraft:lead":1,"minecraft:smithing_table":1,"minecraft:oak_stairs":10,"minecraft:enchanted_book":1,"minecraft:wither_rose":1,"minecraft:brewing_stand":3,"minecraft:amethyst_block":8,"minecraft:string":37,"minecraft:beetroot":17,"immersiveengineering:reinforced_crate":5,"minecraft:diamond_leggings":5,"minecraft:gold_nugget":89,"minecraft:cobbled_deepslate":72,"minecraft:spruce_planks":173,"minecraft:written_book":1,"minecraft:coal_block":13,"born_in_chaos_v1:shattered_skull":2,"minecraft:jukebox":1,"minecraft:composter":4,"immersiveengineering:coke":4,"minecraft:cherry_log":1,"minecraft:cauldron":1,"minecraft:brown_carpet":6,"minecraft:waxed_cut_copper_stairs":26,"minecraft:yellow_banner":1,"minecraft:light_gray_bed":2,"minecraft:iron_block":2,"minecraft:red_tulip":2,"minecraft:waxed_cut_copper":26,"minecraft:snowball":93,"minecraft:birch_log":8,"minecraft:feather":8,"born_in_chaos_v1:spiritual_dust":2,"minecraft:water_bucket":1,"minecraft:jungle_log":99,"minecraft:dark_oak_boat":2,"minecraft:flint":3,"minecraft:lantern":1,"aquamirae:fin":1,"minecraft:diamond_helmet":5,"immersiveengineering:raw_uranium":9,"minecraft:stripped_spruce_log":2,"minecraft:loom":1,"minecraft:dark_oak_log":23,"alexsmobs:animal_dictionary":6,"minecraft:barrel":8,"minecraft:bundle":8,"minecraft:chainmail_helmet":2,"minecraft:bread":121,"minecraft:light_gray_carpet":3,"born_in_chaos_v1:rotten_fish":6,"minecraft:diamond_pickaxe":6,"minecraft:crafting_table":3,"minecraft:leather_leggings":1,"minecraft:clay_ball":400,"born_in_chaos_v1:seedof_chaos":3,"friendsandfoes:totem_of_illusion":3,"immersiveengineering:manual":4,"aquamirae:sharp_bones":6,"minecraft:compass":1,"minecraft:white_carpet":18,"minecraft:iron_shovel":10,"immersiveengineering:windmill":2,"minecraft:cartography_table":1,"fabledweaponry:maul_iron":5,"minecraft:poppy":2,"minecraft:jungle_sapling":1,"minecraft:iron_nugget":41,"minecraft:spruce_slab":21,"minecraft:birch_sapling":2,"minecraft:chest":4,"minecraft:sandstone":92,"minecraft:oak_door":4,"minecraft:spruce_fence":14,"minecraft:cake":2,"born_in_chaos_v1:pieceofdarkmetal":11,"minecraft:carrot":14,"minecraft:redstone":109,"minecraft:hay_block":20,"minecraft:gold_ingot":9,"minecraft:totem_of_undying":1,"minecraft:glow_berries":1,"minecraft:bone_block":1,"minecraft:white_wool":5,"minecraft:stripped_oak_log":61,"born_in_chaos_v1:monster_flesh":22,"minecraft:tripwire_hook":6,"alexscaves:sulfur_dust":23,"minecraft:acacia_wood":3,"minecraft:red_mushroom":3,"immersiveengineering:dynamo":1,"minecraft:oak_log":20,"minecraft:paper":32,"seadwellers:depth_nugget":1,"minecraft:blue_bed":3,"minecraft:white_banner":2,"fabledweaponry:scythe_iron":1,"immersiveengineering:cokebrick":92,"minecraft:apple":8,"minecraft:stone_bricks":2,"minecraft:glass_bottle":5,"minecraft:iron_sword":7,"minecraft:dark_oak_stairs":1,"minecraft:smooth_basalt":5,"born_in_chaos_v1:ethereal_spirit":23,"minecraft:gravel":7,"minecraft:spruce_sapling":12,"minecraft:spruce_log":324,"minecraft:slime_ball":1,"immersiveengineering:seed":180,"minecraft:painting":2,"alexscaves:cave_map":2,"minecraft:melon_seeds":3,"minecraft:smooth_quartz_slab":1,"minecraft:wheat":8,"minecraft:potion":8,"aquamirae:pirate_pouch":2,"minecraft:raw_copper":127,"minecraft:iron_leggings":3,"alexscaves:acidic_radrock":2,"immersiveengineering:jerrycan":2,"immersiveengineering:raw_lead":18,"irons_spellbooks:arcane_essence":12,"minecraft:bucket":2,"minecraft:rose_bush":1,"minecraft:calcite":15,"minecraft:iron_pickaxe":4,"irons_spellbooks:inscription_table":1,"minecraft:iron_boots":7,"minecraft:furnace":3,"minecraft:tipped_arrow":4,"minecraft:stick":83,"minecraft:oak_fence":10,"minecraft:torch":184,"minecraft:spruce_stairs":107,"minecraft:porkchop":15,"minecraft:snow_block":1,"laendli_transport:recipe_book_weapons":1,"minecraft:pointed_dripstone":6,"minecraft:diorite":25,"born_in_chaos_v1:nightmare_claw":2,"immersiveengineering:alloybrick":8,"minecraft:rotten_flesh":181,"immersiveengineering:glider":6,"irons_spellbooks:copper_spell_book":1,"minecraft:cobblestone":400,"minecraft:nautilus_shell":4,"minecraft:leather_chestplate":3,"immersiveengineering:toolbox":1,"minecraft:andesite":1,"minecraft:golden_leggings":1,"alexscaves:cave_book":1,"minecraft:smooth_sandstone_stairs":27,"minecraft:lapis_lazuli":69,"minecraft:dirt":86,"born_in_chaos_v1:staffofthe_summoner":1,"born_in_chaos_v1:monster_skin":10,"immersiveengineering:hemp_fiber":635,"minecraft:bone":96,"minecraft:bow":4,"minecraft:wheat_seeds":12,"minecraft:raw_gold":11,"minecraft:bell":1,"minecraft:oak_planks":104,"minecraft:cooked_porkchop":2,"irons_spellbooks:frozen_bone":13,"alexscaves:uranium":63,"immersiveengineering:raw_aluminum":32,"minecraft:sand":286,"fabledweaponry:dagger_diamond":2,"minecraft:mossy_cobblestone":4,"minecraft:dark_prismarine":1,"laendli_transport:shotgun":2,"born_in_chaos_v1:fire_dust":1,"minecraft:diamond":32,"minecraft:bone_meal":1,"minecraft:crossbow":2,"minecraft:golden_apple":1,"minecraft:emerald":28,"minecraft:oak_sapling":1,"minecraft:chorus_fruit":3,"minecraft:charcoal":16,"minecraft:ladder":13,"minecraft:brown_mushroom":2,"minecraft:chain":5,"minecraft:shield":11,"minecraft:iron_axe":6,"minecraft:cyan_carpet":5,"minecraft:blue_orchid":1,"minecraft:candle":2,"immersiveengineering:crate":31,"immersiveengineering:workbench":1,"minecraft:lectern":1,"minecraft:sugar_cane":90,"minecraft:spruce_trapdoor":18,"minecraft:phantom_membrane":2,"minecraft:dark_oak_sapling":4,"minecraft:raw_iron":106,"minecraft:stripped_mangrove_wood":3,"minecraft:copper_ingot":5,"minecraft:bowl":9,"minecraft:stone_pressure_plate":2,"minecraft:dark_oak_planks":13,"minecraft:smooth_sandstone_slab":2,"minecraft:weeping_vines":1,"minecraft:arrow":59,"minecraft:pumpkin_pie":2,"alexscaves:spelunkery_table":1,"minecraft:glistering_melon_slice":31,"laendli_transport:ammunition_shotgun":73,"seadwellers:cavern_loot_crate":1,"minecraft:skeleton_skull":3,"born_in_chaos_v1:fused_bone":6,"born_in_chaos_v1:corpse_maggot":43,"minecraft:salmon":12,"minecraft:leather":48,"minecraft:birch_planks":2,"minecraft:mushroom_stew":6,"minecraft:waxed_copper_block":39,"minecraft:chainmail_chestplate":1,"minecraft:gunpowder":36,"minecraft:cobblestone_stairs":3,"minecraft:wooden_hoe":4,"immersive_aircraft:gyrodyne":8,"minecraft:smooth_sandstone":15,"minecraft:coast_armor_trim_smithing_template":4,"minecraft:rabbit_hide":1,"minecraft:spruce_wood":1,"minecraft:iron_ingot":42,"alexscaves:radrock":14,"minecraft:book":295,"minecraft:oak_slab":4,"minecraft:emerald_block":5,"born_in_chaos_v1:death_totem":1,"born_in_chaos_v1:dark_rod":6,"minecraft:amethyst_shard":72,"minecraft:red_banner":1,"minecraft:blast_furnace":5,"minecraft:spruce_door":7,"minecraft:spider_eye":6,"minecraft:pumpkin_seeds":4,"minecraft:chainmail_leggings":2,"minecraft:iron_helmet":3,"minecraft:damaged_anvil":7,"minecraft:coal":209},"minecraft:mined":{"minecraft:dark_oak_planks":13,"irons_spellbooks:armor_pile":1,"minecraft:jungle_leaves":9,"minecraft:jungle_log":99,"minecraft:light_gray_bed":2,"minecraft:coal_block":11,"minecraft:chiseled_stone_bricks":1,"minecraft:spawner":9,"minecraft:weeping_vines_plant":1,"minecraft:fire":3,"minecraft:barrel":7,"minecraft:deepslate_lapis_ore":2,"minecraft:water_cauldron":1,"minecraft:oak_stairs":10,"minecraft:smooth_sandstone_stairs":28,"minecraft:spruce_wood":1,"minecraft:white_banner":1,"minecraft:stripped_mangrove_wood":4,"immersiveengineering:reinforced_crate":3,"minecraft:amethyst_cluster":9,"minecraft:blast_furnace":5,"minecraft:smooth_quartz_slab":1,"minecraft:sugar_cane":55,"minecraft:damaged_anvil":6,"minecraft:smooth_sandstone_slab":2,"minecraft:amethyst_block":8,"minecraft:chain":3,"immersiveengineering:alloy_smelter":1,"immersiveengineering:cokebrick":89,"minecraft:jukebox":1,"minecraft:waxed_copper_block":39,"minecraft:grass":23,"minecraft:loom":1,"minecraft:smooth_basalt":5,"minecraft:red_mushroom_block":7,"minecraft:deepslate":73,"minecraft:dark_prismarine":1,"alexscaves:acidic_radrock":1,"minecraft:mossy_cobblestone":5,"alexscaves:radrock":13,"immersiveengineering:windmill":2,"minecraft:spruce_fence":14,"immersiveengineering:coke_oven":3,"minecraft:cartography_table":1,"minecraft:snow":23,"minecraft:acacia_wood":3,"minecraft:andesite":1,"minecraft:vine":4,"irons_spellbooks:inscription_table":1,"minecraft:bone_block":1,"minecraft:white_wool":5,"immersiveengineering:ore_aluminum":7,"minecraft:smithing_table":1,"minecraft:oak_slab":4,"minecraft:light_gray_carpet":3,"minecraft:smooth_sandstone":15,"minecraft:campfire":8,"minecraft:tall_grass":9,"minecraft:copper_ore":28,"minecraft:diorite":23,"minecraft:black_stained_glass":2,"minecraft:white_carpet":9,"minecraft:spruce_log":56,"minecraft:red_wall_banner":1,"minecraft:gravel":10,"minecraft:cobweb":19,"minecraft:stone_bricks":2,"minecraft:gold_ore":1,"immersiveengineering:crate":27,"minecraft:fern":1,"minecraft:large_amethyst_bud":1,"minecraft:spruce_planks":125,"minecraft:cobblestone_stairs":4,"minecraft:brewing_stand":2,"minecraft:spruce_trapdoor":18,"minecraft:grass_block":21,"alexscaves:sulfur":8,"minecraft:composter":2,"immersiveengineering:toolbox_block":1,"immersiveengineering:deepslate_ore_uranium":3,"minecraft:iron_ore":48,"minecraft:dark_oak_stairs":1,"minecraft:red_tulip":2,"minecraft:pointed_dripstone":5,"alexscaves:underweed":1,"immersiveengineering:ore_lead":9,"minecraft:spruce_slab":16,"minecraft:waxed_cut_copper":27,"minecraft:waxed_cut_copper_stairs":27,"minecraft:deepslate_redstone_ore":5,"minecraft:clay":101,"minecraft:calcite":14,"minecraft:poppy":1,"minecraft:chest":2,"minecraft:cobblestone":27,"minecraft:grindstone":1,"minecraft:oak_planks":81,"minecraft:wall_torch":14,"minecraft:deepslate_copper_ore":1,"immersiveengineering:alloybrick":7,"minecraft:birch_log":6,"minecraft:oak_log":18,"minecraft:sand":289,"minecraft:dirt":49,"minecraft:tripwire_hook":1,"immersiveengineering:workbench":1,"minecraft:oak_leaves":6,"minecraft:emerald_block":2,"minecraft:yellow_wall_banner":1,"minecraft:deepslate_diamond_ore":13,"minecraft:candle":1,"minecraft:oak_door":2,"minecraft:ladder":2,"minecraft:chiseled_bookshelf":1,"alexscaves:sulfur_cluster":1,"minecraft:brown_mushroom_block":3,"minecraft:spruce_leaves":40,"minecraft:sandstone":92,"minecraft:hay_block":13,"alexscaves:radrock_uranium_ore":63,"immersiveengineering:dynamo":1,"minecraft:furnace":3,"immersiveengineering:hemp":126,"minecraft:nether_sprouts":1,"minecraft:stripped_spruce_log":2,"minecraft:bookshelf":79,"minecraft:deepslate_iron_ore":29,"minecraft:lantern":1,"minecraft:stripped_oak_log":50,"minecraft:packed_ice":5,"minecraft:stone":186,"minecraft:snow_block":5,"minecraft:spruce_door":5,"minecraft:oak_fence":10,"minecraft:crafting_table":3,"minecraft:rose_bush":1,"minecraft:lectern":1,"minecraft:deepslate_coal_ore":1,"minecraft:blue_bed":2,"minecraft:spruce_stairs":107,"minecraft:birch_planks":2,"minecraft:ice":37,"alexscaves:waste_drum":1,"minecraft:coal_ore":142,"minecraft:cyan_carpet":2},"minecraft:used":{"irons_spellbooks:inscription_table":1,"minecraft:smooth_quartz_slab":1,"minecraft:spruce_slab":10,"minecraft:ladder":55,"minecraft:chest":4,"immersiveengineering:reinforced_crate":3,"minecraft:rotten_flesh":1,"immersiveengineering:craftingtable":1,"minecraft:stripped_spruce_log":2,"immersiveengineering:windmill":2,"friendsandfoes:totem_of_illusion":2,"minecraft:birch_sapling":2,"minecraft:dark_oak_boat":1,"minecraft:furnace":3,"minecraft:damaged_anvil":1,"minecraft:spruce_door":7,"immersiveengineering:toolbox":1,"minecraft:wooden_pickaxe":11,"fabledweaponry:maul_iron":39,"minecraft:glow_berries":12,"minecraft:sand":59,"minecraft:blast_furnace":5,"immersiveengineering:hammer":6,"minecraft:smithing_table":1,"minecraft:oak_boat":1,"minecraft:waxed_cut_copper_stairs":6,"minecraft:enchanting_table":1,"minecraft:stone_sword":1,"immersiveengineering:glider":2,"minecraft:torch":86,"minecraft:brewing_stand":2,"immersiveengineering:creosote_bucket":1,"immersiveengineering:workbench":1,"minecraft:iron_axe":920,"minecraft:barrel":8,"minecraft:cobbled_deepslate":1,"minecraft:birch_planks":7,"minecraft:bundle":7,"minecraft:cartography_table":1,"minecraft:leather_boots":1,"minecraft:mossy_cobblestone":1,"minecraft:oak_slab":45,"minecraft:crafting_table":7,"minecraft:white_bed":2,"minecraft:cake":8,"minecraft:spruce_log":8,"minecraft:oak_log":7,"minecraft:dark_prismarine":1,"minecraft:diamond_pickaxe":363,"minecraft:suspicious_stew":8,"minecraft:iron_pickaxe":682,"minecraft:spruce_trapdoor":15,"minecraft:spruce_sapling":7,"minecraft:cobblestone":123,"minecraft:potion":5,"minecraft:cooked_porkchop":6,"minecraft:stripped_oak_log":10,"alexscaves:radrock":14,"minecraft:diamond_leggings":1,"minecraft:iron_shovel":470,"immersiveengineering:seed":14,"minecraft:shield":188,"minecraft:iron_sword":300,"minecraft:smooth_sandstone_stairs":24,"minecraft:carrot":91,"immersiveengineering:cokebrick":92,"minecraft:lantern":1,"minecraft:stone_bricks":1,"minecraft:written_book":1,"minecraft:dark_oak_stairs":1,"immersiveengineering:jerrycan":2,"minecraft:stone_pickaxe":103,"minecraft:mangrove_planks":7,"minecraft:oak_planks":37,"minecraft:sandstone":3,"minecraft:sugar_cane":37,"minecraft:blue_bed":2,"minecraft:white_wool":5,"minecraft:loom":1,"minecraft:mushroom_stew":6,"minecraft:bread":53,"minecraft:melon_slice":9,"minecraft:gravel":5,"minecraft:chain":1,"minecraft:andesite":1,"immersive_aircraft:gyrodyne":8,"fabledweaponry:dagger_diamond":274,"minecraft:bone_meal":152,"minecraft:oak_fence":1,"minecraft:spruce_planks":10,"minecraft:oak_door":6,"minecraft:dirt":45,"minecraft:spruce_stairs":28,"minecraft:diamond_helmet":1,"minecraft:spruce_fence":18,"minecraft:dark_oak_planks":2,"minecraft:bookshelf":1,"minecraft:oak_stairs":13,"minecraft:smooth_sandstone":27,"minecraft:iron_boots":3,"alexscaves:spelunkery_table":1,"minecraft:golden_carrot":2,"immersiveengineering:crate":37,"minecraft:stone_pressure_plate":1,"immersiveengineering:alloybrick":8,"minecraft:light_gray_bed":2,"immersiveengineering:dynamo":1,"minecraft:acacia_boat":1,"minecraft:snow_block":2,"minecraft:baked_potato":4,"minecraft:wooden_hoe":9,"minecraft:apple":4,"minecraft:bucket":4,"minecraft:pumpkin_pie":4,"alexsmobs:animal_dictionary":4},"minecraft:killed_by":{"born_in_chaos_v1:nightmare_stalker":1,"alexsmobs:grizzly_bear":1,"minecraft:vex":1,"minecraft:player":2},"minecraft:broken":{"minecraft:iron_axe":3,"minecraft:iron_pickaxe":2,"minecraft:iron_shovel":1,"minecraft:leather_boots":1}},"DataVersion":3465}