{"stats":{"minecraft:killed":{"minecraft:cave_spider":1,"born_in_chaos_v1:restless_spirit":1,"minecraft:spider":5,"realmrpg_demons:chort":1,"minecraft:illusioner":1,"born_in_chaos_v1:firelight_not_despawn":2,"minecraft:pillager":1,"minecraft:zombie":9,"born_in_chaos_v1:dread_hound":2,"born_in_chaos_v1:corpse_fly":5,"minecraft:stray":2,"minecraft:vex":1,"born_in_chaos_v1:zombie_bruiser":1,"born_in_chaos_v1:maggot":9,"born_in_chaos_v1:corpse_fish":4,"minecraft:husk":15,"born_in_chaos_v1:swarmer":1,"born_in_chaos_v1:decrepit_skeleton":1,"born_in_chaos_v1:nightmare_stalker":1},"minecraft:dropped":{"minecraft:porkchop":5,"minecraft:glass_bottle":5,"minecraft:cooked_porkchop":1,"born_in_chaos_v1:nightmare_claw":1,"friendsandfoes:totem_of_illusion":1,"born_in_chaos_v1:monster_flesh":10,"minecraft:dirt":23,"born_in_chaos_v1:monster_skin":3,"minecraft:pumpkin_pie":3,"minecraft:gold_ingot":6,"minecraft:sugar_cane":1,"born_in_chaos_v1:ethereal_spirit":1,"minecraft:beetroot":1,"minecraft:rotten_flesh":1,"minecraft:carrot":5,"minecraft:rabbit_hide":1,"minecraft:leather_chestplate":1,"minecraft:tipped_arrow":1,"minecraft:gunpowder":11,"immersiveengineering:manual":1,"minecraft:charcoal":4,"born_in_chaos_v1:corpse_maggot":5,"minecraft:ladder":1,"minecraft:arrow":4,"minecraft:bread":6,"born_in_chaos_v1:shattered_skull":1,"minecraft:cobblestone":1,"minecraft:apple":5,"minecraft:chainmail_helmet":2,"minecraft:coal":10,"minecraft:coal_block":3,"minecraft:stick":2,"minecraft:iron_block":2,"minecraft:brewing_stand":1,"minecraft:rabbit":1,"minecraft:rose_bush":2,"minecraft:wither_rose":1,"minecraft:white_banner":1,"irons_spellbooks:frozen_bone":3,"minecraft:bucket":1,"minecraft:stone_sword":1,"minecraft:bowl":3,"minecraft:composter":2,"minecraft:white_carpet":9,"born_in_chaos_v1:spiritual_dust":2,"minecraft:hay_block":4,"minecraft:shield":1,"minecraft:cake":1,"minecraft:stone_pressure_plate":1,"minecraft:spider_eye":1,"minecraft:brown_carpet":6,"minecraft:bow":1,"minecraft:wooden_pickaxe":1,"minecraft:raw_gold":1,"minecraft:calcite":6},"minecraft:custom":{"minecraft:interact_with_crafting_table":92,"minecraft:open_barrel":292,"minecraft:bell_ring":17,"minecraft:eat_cake_slice":26,"minecraft:leave_game":7,"minecraft:time_since_death":196266,"minecraft:damage_resisted":54,"minecraft:sprint_one_cm":150399,"minecraft:damage_blocked_by_shield":1000,"minecraft:drop":77,"minecraft:talked_to_villager":1,"minecraft:play_time":320487,"minecraft:deaths":1,"minecraft:jump":2754,"minecraft:interact_with_brewingstand":7,"minecraft:walk_on_water_one_cm":27048,"minecraft:interact_with_furnace":62,"minecraft:sleep_in_bed":9,"minecraft:damage_dealt":13869,"minecraft:crouch_one_cm":35436,"minecraft:interact_with_smithing_table":5,"minecraft:mob_kills":67,"minecraft:interact_with_anvil":1,"minecraft:damage_dealt_resisted":340,"minecraft:climb_one_cm":47785,"minecraft:walk_one_cm":1494371,"minecraft:sneak_time":12423,"minecraft:walk_under_water_one_cm":76246,"minecraft:boat_one_cm":16740,"minecraft:interact_with_blast_furnace":21,"minecraft:total_world_time":320487,"minecraft:time_since_rest":5372,"minecraft:damage_taken":2924,"minecraft:swim_one_cm":26030,"minecraft:fly_one_cm":384767,"minecraft:open_chest":26,"minecraft:fall_one_cm":35622},"minecraft:crafted":{"minecraft:brick":119,"minecraft:oak_planks":80,"immersiveengineering:hammer":1,"minecraft:barrel":6,"immersiveengineering:manual":1,"minecraft:lever":1,"immersiveengineering:treated_wood_horizontal":168,"minecraft:oak_slab":54,"minecraft:crafting_table":1,"minecraft:spruce_planks":124,"minecraft:wooden_pickaxe":2,"minecraft:spruce_door":3,"minecraft:copper_ingot":37,"immersiveengineering:cokebrick":81,"minecraft:birch_planks":24,"minecraft:shield":4,"minecraft:stick":56,"minecraft:light_blue_dye":1,"minecraft:iron_ingot":11,"minecraft:iron_pickaxe":2,"minecraft:iron_block":2,"minecraft:stone_sword":2,"minecraft:gold_ingot":1,"minecraft:sandstone":12,"minecraft:oak_door":6,"immersiveengineering:crate":1,"minecraft:bone_meal":30,"minecraft:spruce_fence":12,"minecraft:spruce_stairs":4,"minecraft:iron_axe":3,"minecraft:ladder":9,"minecraft:stone_pickaxe":2,"minecraft:coal_block":5,"minecraft:iron_sword":1,"minecraft:smooth_sandstone":18,"minecraft:mangrove_planks":20,"minecraft:bucket":4,"minecraft:oak_boat":1,"minecraft:oak_stairs":12,"minecraft:iron_shovel":2,"minecraft:torch":8,"laendli_transport:vehicle_part_propeller":1},"minecraft:used":{"minecraft:iron_shovel":442,"minecraft:ladder":6,"minecraft:chest":1,"minecraft:shield":23,"minecraft:iron_sword":127,"minecraft:smooth_sandstone_stairs":16,"minecraft:rotten_flesh":1,"minecraft:carrot":14,"immersiveengineering:cokebrick":92,"friendsandfoes:totem_of_illusion":2,"minecraft:lantern":1,"minecraft:furnace":3,"minecraft:dark_oak_stairs":1,"minecraft:damaged_anvil":1,"minecraft:spruce_door":7,"minecraft:stone_pickaxe":103,"minecraft:mangrove_planks":7,"minecraft:oak_planks":35,"minecraft:wooden_pickaxe":11,"minecraft:blue_bed":1,"minecraft:sugar_cane":37,"minecraft:sand":50,"minecraft:loom":1,"minecraft:mushroom_stew":3,"minecraft:blast_furnace":5,"immersiveengineering:hammer":5,"minecraft:bread":30,"minecraft:smithing_table":1,"minecraft:andesite":1,"minecraft:chain":1,"minecraft:waxed_cut_copper_stairs":6,"minecraft:oak_boat":1,"minecraft:bone_meal":25,"minecraft:stone_sword":1,"minecraft:spruce_planks":3,"minecraft:oak_door":6,"minecraft:torch":17,"minecraft:dirt":41,"minecraft:brewing_stand":2,"immersiveengineering:creosote_bucket":1,"minecraft:spruce_stairs":19,"minecraft:spruce_fence":17,"minecraft:iron_axe":630,"minecraft:oak_stairs":13,"minecraft:smooth_sandstone":15,"minecraft:barrel":7,"minecraft:golden_carrot":2,"immersiveengineering:crate":3,"minecraft:stone_pressure_plate":1,"minecraft:birch_planks":7,"minecraft:bundle":2,"minecraft:cartography_table":1,"minecraft:leather_boots":1,"minecraft:oak_slab":45,"minecraft:crafting_table":2,"minecraft:cake":3,"minecraft:spruce_log":6,"minecraft:dark_prismarine":1,"minecraft:iron_pickaxe":242,"minecraft:suspicious_stew":1,"minecraft:spruce_trapdoor":6,"minecraft:spruce_sapling":4,"minecraft:cobblestone":5,"minecraft:potion":5,"minecraft:cooked_porkchop":1,"minecraft:bucket":1,"alexsmobs:animal_dictionary":3,"minecraft:stripped_oak_log":10},"minecraft:picked_up":{"minecraft:seagrass":5,"minecraft:wheat":1,"minecraft:flower_pot":1,"minecraft:smithing_table":1,"minecraft:oak_stairs":10,"minecraft:wither_rose":1,"minecraft:potion":5,"minecraft:brewing_stand":3,"minecraft:string":20,"minecraft:raw_copper":3,"minecraft:beetroot":1,"minecraft:bucket":1,"minecraft:spruce_planks":94,"minecraft:rose_bush":1,"minecraft:calcite":6,"minecraft:coal_block":3,"minecraft:furnace":3,"minecraft:tipped_arrow":2,"minecraft:stick":19,"born_in_chaos_v1:shattered_skull":2,"minecraft:jukebox":1,"minecraft:composter":4,"minecraft:oak_fence":8,"minecraft:torch":12,"minecraft:spruce_stairs":102,"minecraft:porkchop":10,"born_in_chaos_v1:nightmare_claw":2,"minecraft:brown_carpet":6,"minecraft:waxed_cut_copper_stairs":26,"minecraft:yellow_banner":1,"minecraft:rotten_flesh":50,"minecraft:iron_block":2,"minecraft:waxed_cut_copper":26,"minecraft:snowball":65,"minecraft:cobblestone":57,"minecraft:birch_log":6,"minecraft:leather_chestplate":3,"born_in_chaos_v1:spiritual_dust":2,"minecraft:andesite":1,"minecraft:golden_leggings":1,"minecraft:smooth_sandstone_stairs":16,"minecraft:dirt":74,"minecraft:lantern":1,"born_in_chaos_v1:monster_skin":6,"minecraft:bone":10,"minecraft:raw_gold":2,"minecraft:oak_planks":88,"minecraft:cooked_porkchop":2,"irons_spellbooks:frozen_bone":10,"minecraft:sand":277,"minecraft:loom":1,"minecraft:barrel":1,"minecraft:mossy_cobblestone":3,"minecraft:dark_prismarine":1,"minecraft:bundle":1,"born_in_chaos_v1:fire_dust":1,"minecraft:bone_meal":1,"minecraft:bread":41,"minecraft:emerald":5,"minecraft:chainmail_helmet":2,"minecraft:light_gray_carpet":3,"born_in_chaos_v1:rotten_fish":3,"minecraft:crafting_table":3,"minecraft:charcoal":4,"minecraft:ladder":1,"minecraft:clay_ball":400,"friendsandfoes:totem_of_illusion":3,"minecraft:chain":2,"minecraft:shield":1,"immersiveengineering:manual":1,"minecraft:iron_axe":1,"minecraft:white_carpet":18,"minecraft:iron_shovel":1,"minecraft:cyan_carpet":5,"minecraft:blue_orchid":1,"minecraft:cartography_table":1,"immersiveengineering:crate":2,"minecraft:chest":1,"minecraft:spruce_slab":20,"minecraft:lectern":1,"minecraft:sugar_cane":90,"minecraft:spruce_trapdoor":14,"minecraft:raw_iron":2,"minecraft:sandstone":86,"minecraft:stripped_mangrove_wood":3,"minecraft:oak_door":4,"minecraft:spruce_fence":13,"minecraft:cake":1,"minecraft:carrot":6,"minecraft:stone_pressure_plate":2,"minecraft:dark_oak_planks":7,"minecraft:smooth_sandstone_slab":2,"minecraft:arrow":4,"minecraft:weeping_vines":1,"minecraft:hay_block":4,"minecraft:skeleton_skull":1,"minecraft:bone_block":1,"minecraft:stripped_oak_log":42,"born_in_chaos_v1:corpse_maggot":23,"born_in_chaos_v1:monster_flesh":13,"minecraft:birch_planks":2,"minecraft:waxed_copper_block":39,"minecraft:chainmail_chestplate":1,"minecraft:gunpowder":11,"minecraft:cobblestone_stairs":3,"minecraft:blue_bed":2,"minecraft:white_banner":2,"minecraft:smooth_sandstone":3,"immersiveengineering:cokebrick":11,"minecraft:rabbit_hide":1,"minecraft:iron_ingot":2,"minecraft:glass_bottle":5,"minecraft:iron_sword":1,"minecraft:dark_oak_stairs":1,"minecraft:book":286,"minecraft:oak_slab":4,"born_in_chaos_v1:ethereal_spirit":2,"minecraft:red_banner":1,"minecraft:spruce_sapling":9,"minecraft:blast_furnace":5,"minecraft:spruce_log":37,"minecraft:spruce_door":7,"minecraft:spider_eye":2,"minecraft:chainmail_leggings":2,"minecraft:iron_helmet":1,"minecraft:painting":2,"minecraft:damaged_anvil":1,"minecraft:coal":30},"minecraft:mined":{"minecraft:dark_oak_planks":7,"minecraft:spruce_planks":94,"minecraft:cobblestone_stairs":4,"minecraft:brewing_stand":2,"minecraft:spruce_trapdoor":14,"minecraft:grass_block":17,"minecraft:coal_block":3,"minecraft:composter":2,"minecraft:spawner":6,"minecraft:weeping_vines_plant":1,"minecraft:iron_ore":2,"minecraft:fire":1,"minecraft:barrel":1,"minecraft:dark_oak_stairs":1,"minecraft:oak_stairs":10,"minecraft:smooth_sandstone_stairs":16,"minecraft:white_banner":1,"minecraft:stripped_mangrove_wood":4,"minecraft:spruce_slab":15,"minecraft:waxed_cut_copper":27,"minecraft:waxed_cut_copper_stairs":27,"minecraft:clay":101,"minecraft:blast_furnace":5,"minecraft:calcite":5,"minecraft:chest":1,"minecraft:cobblestone":6,"minecraft:grindstone":1,"minecraft:sugar_cane":55,"minecraft:oak_planks":65,"minecraft:damaged_anvil":1,"minecraft:smooth_sandstone_slab":2,"minecraft:wall_torch":9,"minecraft:deepslate_copper_ore":1,"minecraft:chain":1,"immersiveengineering:cokebrick":11,"minecraft:birch_log":6,"minecraft:jukebox":1,"minecraft:waxed_copper_block":39,"minecraft:grass":1,"minecraft:loom":1,"minecraft:sand":280,"minecraft:dirt":45,"minecraft:dark_prismarine":1,"minecraft:yellow_wall_banner":1,"minecraft:mossy_cobblestone":4,"minecraft:oak_door":2,"minecraft:ladder":1,"minecraft:spruce_fence":13,"minecraft:spruce_leaves":25,"minecraft:cartography_table":1,"minecraft:sandstone":86,"minecraft:hay_block":5,"minecraft:furnace":3,"minecraft:snow":22,"minecraft:andesite":1,"minecraft:bookshelf":76,"minecraft:lantern":1,"minecraft:stripped_oak_log":30,"minecraft:packed_ice":2,"minecraft:stone":51,"minecraft:bone_block":1,"minecraft:smithing_table":1,"minecraft:oak_slab":4,"minecraft:light_gray_carpet":3,"minecraft:snow_block":1,"minecraft:spruce_door":5,"minecraft:oak_fence":8,"minecraft:smooth_sandstone":3,"minecraft:crafting_table":3,"minecraft:rose_bush":1,"minecraft:lectern":1,"minecraft:campfire":2,"minecraft:blue_bed":1,"minecraft:spruce_stairs":102,"minecraft:black_stained_glass":2,"minecraft:birch_planks":2,"minecraft:ice":29,"minecraft:white_carpet":9,"minecraft:spruce_log":39,"minecraft:red_wall_banner":1,"minecraft:coal_ore":24,"minecraft:cyan_carpet":2,"minecraft:cobweb":14,"minecraft:gold_ore":1,"immersiveengineering:crate":2,"minecraft:fern":1},"minecraft:killed_by":{"minecraft:vex":1},"minecraft:broken":{"minecraft:iron_shovel":1,"minecraft:iron_axe":2,"minecraft:leather_boots":1}},"DataVersion":3465}